experiment_id,lr,dropout_ratio,batch_size,num_experts,alpha,beta,min_temp,decay,num_layer,emb_dim,gate_dim,split_type,train_metric,val_metric,val_metric_std,test_metric,test_metric_std,num_epochs_trained,early_stopped,timestamp,train_auprc,train_accuracy,train_f1,train_sensitivity,train_specificity,val_auprc,val_accuracy,val_f1,val_sensitivity,val_specificity,test_auprc,test_accuracy,test_f1,test_sensitivity,test_specificity
ames_v2_0002,0.001,0.3,64,3,0.1,0.01,1,0.0,5,300,50,scaffold,99.6419,88.2257,,82.4460,,73,True,2025-11-21 14:28:50,0.9968,0.9706,0.9722,0.9736,0.9671,0.8888,0.7854,0.8134,0.8273,0.7310,0.8605,0.7721,0.8180,0.8575,0.6457
ames_v2_0008,0.0005,0.3,64,3,0.1,0.01,1,0.0,5,300,50,scaffold,99.1698,88.2218,,83.5842,,83,True,2025-11-21 14:29:37,0.9927,0.9548,0.9573,0.9580,0.9513,0.8890,0.7950,0.8211,0.8321,0.7468,0.8730,0.7790,0.8181,0.8322,0.7002
ames_v2_0011,0.0005,0.3,64,3,0.1,0.01,1,1e-05,5,300,50,scaffold,99.1245,88.5152,,83.2331,,83,True,2025-11-21 14:29:42,0.9919,0.9548,0.9575,0.9610,0.9479,0.8895,0.7923,0.8213,0.8443,0.7247,0.8692,0.7756,0.8151,0.8287,0.6968
ames_v2_0007,0.0005,0.3,32,3,0.1,0.01,1,0.0,5,300,50,scaffold,98.8338,88.1102,,83.7261,,73,True,2025-11-21 14:33:10,0.9897,0.9480,0.9508,0.9502,0.9454,0.8961,0.8074,0.8361,0.8686,0.7278,0.8707,0.7687,0.8129,0.8414,0.6610
ames_v2_0001,0.001,0.3,32,3,0.1,0.01,1,0.0,5,300,50,scaffold,99.5175,88.5930,,84.1256,,83,True,2025-11-21 14:41:49,0.9944,0.9717,0.9732,0.9718,0.9717,0.8647,0.7978,0.8256,0.8467,0.7342,0.8805,0.7708,0.8076,0.8057,0.7189
ames_v2_0006,0.0005,0.3,16,3,0.1,0.01,1,0.0,5,300,50,scaffold,98.5701,88.7500,,84.7381,,72,True,2025-11-21 14:42:15,0.9852,0.9415,0.9448,0.9465,0.9359,0.8925,0.7964,0.8217,0.8297,0.7532,0.8828,0.7804,0.8188,0.8310,0.7053
ames_v2_0017,0.0001,0.3,64,3,0.1,0.01,1,1e-05,5,300,50,scaffold,98.2166,88.5953,,83.0179,,239,True,2025-11-21 14:43:05,0.9841,0.9329,0.9367,0.9395,0.9254,0.9086,0.7950,0.8224,0.8394,0.7373,0.8665,0.7660,0.8012,0.7897,0.7308
ames_v2_0014,0.0001,0.3,64,3,0.1,0.01,1,0.0,5,300,50,scaffold,98.0163,88.4998,,83.4677,,239,True,2025-11-21 14:43:29,0.9821,0.9313,0.9353,0.9398,0.9217,0.9102,0.7964,0.8230,0.8370,0.7437,0.8729,0.7756,0.8113,0.8080,0.7274
ames_v2_0010,0.0005,0.3,32,3,0.1,0.01,1,1e-05,5,300,50,scaffold,99.2074,88.7962,,83.2427,,83,True,2025-11-21 14:45:08,0.9930,0.9566,0.9586,0.9506,0.9633,0.8838,0.7978,0.8210,0.8200,0.7690,0.8696,0.7632,0.8016,0.8011,0.7070
ames_v2_0000,0.001,0.3,16,3,0.1,0.01,1,0.0,5,300,50,scaffold,99.4602,88.6615,,82.6601,,85,True,2025-11-21 14:45:45,0.9945,0.9658,0.9675,0.9606,0.9717,0.8685,0.7950,0.8198,0.8248,0.7563,0.8539,0.7653,0.8019,0.7954,0.7206
ames_v2_0013,0.0001,0.3,32,3,0.1,0.01,1,0.0,5,300,50,scaffold,97.5700,88.3743,,83.1655,,178,True,2025-11-21 14:48:09,0.9763,0.9213,0.9252,0.9205,0.9221,0.9079,0.7964,0.8213,0.8273,0.7563,0.8690,0.7694,0.8035,0.7897,0.7394
ames_v2_0004,0.001,0.3,32,3,0.1,0.01,1,1e-05,5,300,50,scaffold,98.8722,87.9993,,83.7124,,59,True,2025-11-21 14:50:37,0.9869,0.9488,0.9511,0.9432,0.9550,0.8795,0.7978,0.8244,0.8394,0.7437,0.8732,0.7776,0.8146,0.8184,0.7172
ames_v2_0005,0.001,0.3,64,3,0.1,0.01,1,1e-05,5,300,50,scaffold,99.7385,88.3027,,82.4541,,86,True,2025-11-21 14:51:05,0.9976,0.9743,0.9756,0.9729,0.9758,0.8684,0.7717,0.8000,0.8078,0.7247,0.8590,0.7653,0.8000,0.7862,0.7342
ames_v2_0016,0.0001,0.3,32,3,0.1,0.01,1,1e-05,5,300,50,scaffold,98.4695,88.7223,,83.3909,,220,True,2025-11-21 14:54:12,0.9863,0.9354,0.9382,0.9268,0.9450,0.9018,0.8006,0.8225,0.8175,0.7785,0.8692,0.7660,0.7942,0.7563,0.7802
ames_v2_0031,0.0001,0.3,32,5,0.1,0.01,1,0.0,5,300,50,scaffold,97.9655,87.6806,,84.0935,,200,True,2025-11-21 14:56:45,0.9822,0.9276,0.9307,0.9198,0.9363,0.9034,0.8019,0.8244,0.8224,0.7753,0.8726,0.7749,0.8196,0.8563,0.6542
ames_v2_0032,0.0001,0.3,64,5,0.1,0.01,1,0.0,5,300,50,scaffold,98.8758,87.4965,,83.2212,,331,True,2025-11-21 14:58:15,0.9900,0.9444,0.9464,0.9276,0.9633,0.9029,0.7840,0.8025,0.7762,0.7943,0.8688,0.7687,0.8069,0.8092,0.7087
ames_v2_0024,0.0005,0.3,16,5,0.1,0.01,1,0.0,5,300,50,scaffold,98.0509,87.2263,,83.4103,,63,True,2025-11-21 15:00:20,0.9726,0.9350,0.9385,0.9376,0.9321,0.8846,0.7634,0.7908,0.7908,0.7278,0.8672,0.7756,0.8130,0.8172,0.7138
ames_v2_0012,0.0001,0.3,16,3,0.1,0.01,1,0.0,5,300,50,scaffold,96.9311,88.7285,,83.3981,,140,True,2025-11-21 15:00:33,0.9697,0.9097,0.9148,0.9176,0.9009,0.9081,0.8116,0.8355,0.8467,0.7658,0.8741,0.7660,0.8016,0.7920,0.7274
ames_v2_0009,0.0005,0.3,16,3,0.1,0.01,1,1e-05,5,300,50,scaffold,98.5683,88.7223,,84.6946,,73,True,2025-11-21 15:02:18,0.9844,0.9431,0.9466,0.9536,0.9313,0.8746,0.8061,0.8396,0.8978,0.6867,0.8849,0.7735,0.8138,0.8287,0.6917
ames_v2_0015,0.0001,0.3,16,3,0.1,0.01,1,1e-05,5,300,50,scaffold,97.3222,88.5414,,83.1923,,149,True,2025-11-21 15:03:47,0.9765,0.9095,0.9119,0.8864,0.9354,0.8982,0.7950,0.8121,0.7835,0.8101,0.8697,0.7701,0.8160,0.8540,0.6457
ames_v2_0026,0.0005,0.3,64,5,0.1,0.01,1,0.0,5,300,50,scaffold,99.1489,87.8769,,82.9828,,89,True,2025-11-21 15:04:23,0.9922,0.9525,0.9551,0.9562,0.9484,0.8929,0.7868,0.8135,0.8224,0.7405,0.8623,0.7632,0.8009,0.7977,0.7121
ames_v2_0025,0.0005,0.3,32,5,0.1,0.01,1,0.0,5,300,50,scaffold,99.3729,87.7167,,83.2262,,120,True,2025-11-21 15:05:47,0.9890,0.9662,0.9683,0.9744,0.9571,0.8914,0.7785,0.8113,0.8418,0.6962,0.8650,0.7673,0.8103,0.8322,0.6712
ames_v2_0034,0.0001,0.3,32,5,0.1,0.01,1,1e-05,5,300,50,scaffold,97.9726,88.2965,,83.0190,,202,True,2025-11-21 15:14:31,0.9776,0.9313,0.9353,0.9398,0.9217,0.9078,0.7895,0.8185,0.8394,0.7247,0.8616,0.7708,0.8107,0.8218,0.6951
ames_v2_0022,0.001,0.3,32,5,0.1,0.01,1,1e-05,5,300,50,scaffold,99.5413,87.6952,,82.7835,,83,True,2025-11-21 15:16:05,0.9957,0.9611,0.9625,0.9432,0.9813,0.8580,0.7689,0.7873,0.7567,0.7848,0.8665,0.7612,0.8016,0.8080,0.6917
ames_v2_0019,0.001,0.3,32,5,0.1,0.01,1,0.0,5,300,50,scaffold,99.7844,87.9685,,82.9284,,125,True,2025-11-21 15:16:08,0.9960,0.9798,0.9807,0.9718,0.9888,0.8773,0.7689,0.7910,0.7737,0.7627,0.8657,0.7618,0.8065,0.8310,0.6593
ames_v2_0046,0.0005,0.3,32,7,0.1,0.01,1,1e-05,5,300,50,scaffold,98.9786,88.0640,,83.0263,,95,True,2025-11-21 15:18:24,0.9904,0.9572,0.9595,0.9588,0.9554,0.8917,0.7964,0.8246,0.8467,0.7310,0.8610,0.7701,0.8040,0.7897,0.7411
ames_v2_0035,0.0001,0.3,64,5,0.1,0.01,1,1e-05,5,300,50,scaffold,98.8377,87.6582,,83.4107,,285,True,2025-11-21 15:18:57,0.9898,0.9450,0.9480,0.9476,0.9421,0.8872,0.7717,0.8014,0.8151,0.7152,0.8676,0.7708,0.8124,0.8310,0.6814
ames_v2_0003,0.001,0.3,16,3,0.1,0.01,1,1e-05,5,300,50,scaffold,99.0100,88.8702,,83.5620,,72,True,2025-11-21 15:20:04,0.9912,0.9507,0.9532,0.9488,0.9529,0.8690,0.7854,0.8079,0.7981,0.7690,0.8661,0.7680,0.8069,0.8115,0.7036
ames_v2_0021,0.001,0.3,16,5,0.1,0.01,1,1e-05,5,300,50,scaffold,98.8563,87.3864,,82.6862,,77,True,2025-11-21 15:21:56,0.9724,0.9570,0.9595,0.9636,0.9496,0.8635,0.7607,0.7893,0.7932,0.7184,0.8677,0.7612,0.8020,0.8103,0.6882
ames_v2_0047,0.0005,0.3,64,7,0.1,0.01,1,1e-05,5,300,50,scaffold,98.9656,87.7668,,83.7060,,74,True,2025-11-21 15:22:39,0.9912,0.9492,0.9518,0.9502,0.9479,0.8875,0.7744,0.8005,0.8005,0.7405,0.8686,0.7653,0.8085,0.8299,0.6695
ames_v2_0023,0.001,0.3,64,5,0.1,0.01,1,1e-05,5,300,50,scaffold,99.5181,88.0894,,83.3830,,77,True,2025-11-21 15:22:55,0.9922,0.9688,0.9704,0.9673,0.9704,0.8785,0.7882,0.8127,0.8127,0.7563,0.8662,0.7776,0.8163,0.8276,0.7036
ames_v2_0027,0.0005,0.3,16,5,0.1,0.01,1,1e-05,5,300,50,scaffold,98.6272,87.9862,,83.4538,,88,True,2025-11-21 15:26:15,0.9700,0.9497,0.9526,0.9543,0.9446,0.8891,0.7840,0.8177,0.8564,0.6899,0.8614,0.7673,0.8039,0.7989,0.7206
ames_v2_0030,0.0001,0.3,16,5,0.1,0.01,1,0.0,5,300,50,scaffold,97.4831,87.7814,,83.9299,,161,True,2025-11-21 15:28:42,0.9781,0.9152,0.9171,0.8879,0.9459,0.9014,0.7895,0.8080,0.7835,0.7975,0.8682,0.7763,0.8205,0.8563,0.6576
ames_v2_0028,0.0005,0.3,32,5,0.1,0.01,1,1e-05,5,300,50,scaffold,99.1855,88.2072,,82.9983,,79,True,2025-11-21 15:31:02,0.9917,0.9568,0.9592,0.9610,0.9521,0.8940,0.7978,0.8252,0.8443,0.7373,0.8730,0.7639,0.8102,0.8437,0.6457
ames_v2_0062,0.0005,0.4,64,3,0.1,0.01,1,0.0,5,300,50,scaffold,98.1674,88.6700,,83.9413,,97,True,2025-11-21 15:31:05,0.9834,0.9338,0.9376,0.9406,0.9263,0.8754,0.7992,0.8274,0.8516,0.7310,0.8782,0.7687,0.8075,0.8126,0.7036
ames_v2_0049,0.0001,0.3,32,7,0.1,0.01,1,0.0,5,300,50,scaffold,97.2849,87.8215,,82.7255,,175,True,2025-11-21 15:31:47,0.9755,0.9156,0.9211,0.9320,0.8971,0.9021,0.7950,0.8261,0.8613,0.7089,0.8566,0.7660,0.8028,0.7977,0.7189
ames_v2_0053,0.0001,0.3,64,7,0.1,0.01,1,1e-05,5,300,50,scaffold,97.6658,87.9146,,83.7077,,206,True,2025-11-21 15:32:22,0.9802,0.9201,0.9241,0.9205,0.9196,0.9052,0.8088,0.8286,0.8175,0.7975,0.8719,0.7694,0.8044,0.7943,0.7325
ames_v2_0048,0.0001,0.3,16,7,0.1,0.01,1,0.0,5,300,50,scaffold,97.4896,88.0155,,83.3913,,167,True,2025-11-21 15:36:41,0.9778,0.9207,0.9245,0.9179,0.9238,0.8947,0.7937,0.8180,0.8200,0.7595,0.8591,0.7680,0.8033,0.7931,0.7308
ames_v2_0050,0.0001,0.3,64,7,0.1,0.01,1,0.0,5,300,50,scaffold,97.5267,87.8792,,83.6599,,206,True,2025-11-21 15:38:08,0.9789,0.9187,0.9229,0.9202,0.9171,0.9024,0.8033,0.8232,0.8102,0.7943,0.8722,0.7687,0.8028,0.7885,0.7394
ames_v2_0029,0.0005,0.3,64,5,0.1,0.01,1,1e-05,5,300,50,scaffold,99.6159,88.1795,,82.8140,,112,True,2025-11-21 15:38:36,0.9967,0.9647,0.9668,0.9729,0.9554,0.8790,0.7882,0.8188,0.8467,0.7120,0.8627,0.7673,0.8060,0.8092,0.7053
ames_v2_0068,0.0001,0.4,64,3,0.1,0.01,1,0.0,5,300,50,scaffold,96.1864,88.4913,,83.7553,,233,True,2025-11-21 15:42:47,0.9659,0.8975,0.9021,0.8927,0.9030,0.9095,0.7964,0.8191,0.8151,0.7722,0.8762,0.7646,0.8016,0.7966,0.7172
ames_v2_0033,0.0001,0.3,16,5,0.1,0.01,1,1e-05,5,300,50,scaffold,98.5324,88.2834,,83.1537,,203,True,2025-11-21 15:45:45,0.9873,0.9386,0.9422,0.9473,0.9288,0.8965,0.7813,0.8105,0.8273,0.7215,0.8590,0.7701,0.8002,0.7713,0.7683
ames_v2_0061,0.0005,0.4,32,3,0.1,0.01,1,0.0,5,300,50,scaffold,98.3680,88.9179,,83.5528,,95,True,2025-11-21 15:46:30,0.9858,0.9313,0.9333,0.9098,0.9554,0.9072,0.8033,0.8224,0.8054,0.8006,0.8728,0.7714,0.8063,0.7966,0.7342
ames_v2_0020,0.001,0.3,64,5,0.1,0.01,1,0.0,5,300,50,scaffold,99.6500,87.9577,,82.6986,,107,True,2025-11-21 15:48:01,0.9932,0.9757,0.9770,0.9788,0.9721,0.8985,0.7882,0.8171,0.8370,0.7247,0.8605,0.7701,0.8087,0.8138,0.7053
ames_v2_0018,0.001,0.3,16,5,0.1,0.01,1,0.0,5,300,50,scaffold,99.1751,87.6698,,84.8115,,64,True,2025-11-21 15:48:26,0.9923,0.9543,0.9562,0.9443,0.9654,0.8823,0.7744,0.7990,0.7932,0.7500,0.8766,0.7831,0.8173,0.8126,0.7394
ames_v2_0052,0.0001,0.3,32,7,0.1,0.01,1,1e-05,5,300,50,scaffold,97.5358,87.8361,,82.9413,,175,True,2025-11-21 15:51:52,0.9780,0.9221,0.9272,0.9384,0.9038,0.9051,0.7964,0.8275,0.8637,0.7089,0.8599,0.7653,0.8028,0.8000,0.7138
ames_v2_0064,0.0005,0.4,32,3,0.1,0.01,1,1e-05,5,300,50,scaffold,98.2480,88.8124,,83.6994,,112,True,2025-11-21 15:53:13,0.9701,0.9393,0.9435,0.9573,0.9192,0.8850,0.7785,0.8113,0.8418,0.6962,0.8712,0.7804,0.8236,0.8586,0.6644
ames_v2_0058,0.001,0.4,32,3,0.1,0.01,1,1e-05,5,300,50,scaffold,98.6025,88.4428,,84.2607,,71,True,2025-11-21 15:53:15,0.9874,0.9433,0.9465,0.9488,0.9371,0.8846,0.8019,0.8294,0.8516,0.7373,0.8795,0.7824,0.8234,0.8494,0.6831
ames_v2_0054,0.001,0.4,16,3,0.1,0.01,1,0.0,5,300,50,scaffold,98.5015,87.9131,,83.7506,,85,True,2025-11-21 15:54:15,0.9852,0.9439,0.9470,0.9491,0.9379,0.8783,0.8033,0.8304,0.8516,0.7405,0.8677,0.7673,0.8002,0.7805,0.7479
ames_v2_0055,0.001,0.4,32,3,0.1,0.01,1,0.0,5,300,50,scaffold,97.8735,88.3527,,83.1902,,60,True,2025-11-21 15:55:07,0.9726,0.9264,0.9294,0.9168,0.9371,0.8772,0.7909,0.8146,0.8127,0.7627,0.8719,0.7646,0.8034,0.8057,0.7036
ames_v2_0042,0.0005,0.3,16,7,0.1,0.01,1,0.0,5,300,50,scaffold,98.2678,87.5974,,84.2817,,69,True,2025-11-21 15:56:54,0.9817,0.9382,0.9419,0.9476,0.9275,0.8713,0.7854,0.8147,0.8345,0.7215,0.8722,0.7756,0.8098,0.8000,0.7394
ames_v2_0043,0.0005,0.3,32,7,0.1,0.01,1,0.0,5,300,50,scaffold,99.0013,87.9778,,82.5883,,81,True,2025-11-21 15:57:39,0.9913,0.9539,0.9566,0.9618,0.9450,0.8725,0.7978,0.8244,0.8394,0.7437,0.8580,0.7495,0.7795,0.7414,0.7615
ames_v2_0067,0.0001,0.4,32,3,0.1,0.01,1,0.0,5,300,50,scaffold,96.1256,88.6014,,83.8152,,189,True,2025-11-21 15:59:22,0.9660,0.8859,0.8887,0.8615,0.9134,0.9140,0.8061,0.8231,0.7981,0.8165,0.8792,0.7660,0.8028,0.7977,0.7189
ames_v2_0044,0.0005,0.3,64,7,0.1,0.01,1,0.0,5,300,50,scaffold,99.2480,87.7668,,83.4968,,93,True,2025-11-21 16:00:14,0.9935,0.9550,0.9572,0.9506,0.9600,0.8901,0.7799,0.8072,0.8151,0.7342,0.8680,0.7735,0.8101,0.8092,0.7206
ames_v2_0056,0.001,0.4,64,3,0.1,0.01,1,0.0,5,300,50,scaffold,99.1447,88.2303,,83.5018,,96,True,2025-11-21 16:01:39,0.9904,0.9537,0.9560,0.9517,0.9559,0.8903,0.7840,0.8146,0.8394,0.7120,0.8705,0.7618,0.7984,0.7897,0.7206
ames_v2_0036,0.001,0.3,16,7,0.1,0.01,1,0.0,5,300,50,scaffold,98.9605,87.3780,,83.5763,,57,True,2025-11-21 16:03:48,0.9902,0.9395,0.9408,0.9087,0.9742,0.8560,0.7744,0.7853,0.7299,0.8323,0.8704,0.7666,0.8124,0.8460,0.6491
ames_v2_0080,0.0005,0.4,64,5,0.1,0.01,1,0.0,5,300,50,scaffold,98.7015,88.2311,,83.0596,,125,True,2025-11-21 16:04:16,0.9889,0.9419,0.9445,0.9361,0.9484,0.8904,0.7992,0.8211,0.8151,0.7785,0.8662,0.7728,0.8094,0.8080,0.7206
ames_v2_0045,0.0005,0.3,16,7,0.1,0.01,1,1e-05,5,300,50,scaffold,98.6029,87.6705,,84.0253,,67,True,2025-11-21 16:06:12,0.9865,0.9462,0.9495,0.9566,0.9346,0.8661,0.7882,0.8197,0.8516,0.7057,0.8695,0.7673,0.7962,0.7609,0.7768
ames_v2_0083,0.0005,0.4,64,5,0.1,0.01,1,1e-05,5,300,50,scaffold,98.9311,88.6807,,82.4208,,145,True,2025-11-21 16:06:43,0.9859,0.9503,0.9527,0.9465,0.9546,0.8962,0.8061,0.8311,0.8443,0.7563,0.8575,0.7708,0.8083,0.8092,0.7138
ames_v2_0037,0.001,0.3,32,7,0.1,0.01,1,0.0,5,300,50,scaffold,99.3782,87.5350,,83.5133,,68,True,2025-11-21 16:06:57,0.9940,0.9607,0.9635,0.9792,0.9400,0.8808,0.7689,0.8069,0.8540,0.6582,0.8563,0.7756,0.8093,0.7977,0.7428
ames_v2_0051,0.0001,0.3,16,7,0.1,0.01,1,1e-05,5,300,50,scaffold,97.6342,87.8592,,83.3390,,169,True,2025-11-21 16:08:58,0.9772,0.9221,0.9264,0.9272,0.9163,0.8886,0.7827,0.8110,0.8248,0.7278,0.8566,0.7680,0.7978,0.7667,0.7700
ames_v2_0038,0.001,0.3,64,7,0.1,0.01,1,0.0,5,300,50,scaffold,99.8747,87.8238,,83.0439,,109,True,2025-11-21 16:09:40,0.9989,0.9804,0.9815,0.9870,0.9729,0.8699,0.7758,0.8062,0.8248,0.7120,0.8601,0.7639,0.7967,0.7747,0.7479
ames_v2_0066,0.0001,0.4,16,3,0.1,0.01,1,0.0,5,300,50,scaffold,96.3275,88.5968,,84.0291,,195,True,2025-11-21 16:11:49,0.9668,0.8997,0.9042,0.8957,0.9042,0.8965,0.7895,0.8132,0.8102,0.7627,0.8734,0.7714,0.8090,0.8103,0.7138
ames_v2_0041,0.001,0.3,64,7,0.1,0.01,1,1e-05,5,300,50,scaffold,99.5259,87.8261,,82.9042,,69,True,2025-11-21 16:12:14,0.9957,0.9625,0.9642,0.9543,0.9717,0.8776,0.7923,0.8174,0.8224,0.7532,0.8606,0.7783,0.8151,0.8184,0.7189
ames_v2_0040,0.001,0.3,32,7,0.1,0.01,1,1e-05,5,300,50,scaffold,99.1672,88.1179,,84.3735,,58,True,2025-11-21 16:12:14,0.9924,0.9566,0.9593,0.9673,0.9446,0.8697,0.7827,0.8150,0.8467,0.6994,0.8679,0.7824,0.8181,0.8195,0.7274
ames_v2_0039,0.001,0.3,16,7,0.1,0.01,1,1e-05,5,300,50,scaffold,98.7495,87.4804,,83.0030,,66,True,2025-11-21 16:15:33,0.9798,0.9513,0.9541,0.9566,0.9454,0.8698,0.7675,0.7995,0.8200,0.6994,0.8594,0.7701,0.8123,0.8333,0.6763
ames_v2_0057,0.001,0.4,16,3,0.1,0.01,1,1e-05,5,300,50,scaffold,98.5711,87.6397,,84.0265,,85,True,2025-11-21 16:18:35,0.9870,0.9391,0.9419,0.9324,0.9467,0.8548,0.8006,0.8255,0.8345,0.7563,0.8734,0.7769,0.8085,0.7885,0.7598
ames_v2_0059,0.001,0.4,64,3,0.1,0.01,1,1e-05,5,300,50,scaffold,99.0024,87.8145,,83.0756,,83,True,2025-11-21 16:19:31,0.9910,0.9499,0.9525,0.9488,0.9513,0.8857,0.7937,0.8210,0.8370,0.7373,0.8647,0.7680,0.8090,0.8230,0.6865
ames_v2_0078,0.0005,0.4,16,5,0.1,0.01,1,0.0,5,300,50,scaffold,97.1598,88.1672,,84.4667,,83,True,2025-11-21 16:24:05,0.9592,0.9058,0.9067,0.8659,0.9504,0.8945,0.7827,0.7937,0.7397,0.8386,0.8807,0.7728,0.8146,0.8356,0.6797
ames_v2_0103,0.0001,0.4,32,7,0.1,0.01,1,0.0,5,300,50,scaffold,95.7774,88.0571,,83.4833,,175,True,2025-11-21 16:29:38,0.9635,0.8871,0.8937,0.8975,0.8755,0.9026,0.7950,0.8207,0.8297,0.7500,0.8667,0.7721,0.8074,0.8000,0.7308
ames_v2_0106,0.0001,0.4,32,7,0.1,0.01,1,1e-05,5,300,50,scaffold,95.8821,88.0478,,83.9020,,165,True,2025-11-21 16:30:50,0.9643,0.8912,0.8959,0.8849,0.8984,0.8943,0.7868,0.8075,0.7908,0.7816,0.8731,0.7653,0.7972,0.7724,0.7547
ames_v2_0096,0.0005,0.4,16,7,0.1,0.01,1,0.0,5,300,50,scaffold,97.3636,88.1941,,84.1858,,73,True,2025-11-21 16:31:35,0.9762,0.9219,0.9264,0.9306,0.9121,0.8909,0.7813,0.8105,0.8273,0.7215,0.8672,0.7735,0.8138,0.8287,0.6917
ames_v2_0071,0.0001,0.4,64,3,0.1,0.01,1,1e-05,5,300,50,scaffold,97.1786,88.9225,,83.6727,,287,True,2025-11-21 16:34:07,0.9751,0.9119,0.9157,0.9061,0.9184,0.9098,0.7937,0.8157,0.8078,0.7753,0.8708,0.7673,0.8048,0.8034,0.7138
ames_v2_0063,0.0005,0.4,16,3,0.1,0.01,1,1e-05,5,300,50,scaffold,97.5967,88.4228,,84.3218,,85,True,2025-11-21 16:35:26,0.9728,0.9291,0.9325,0.9254,0.9334,0.8728,0.7950,0.8190,0.8200,0.7627,0.8786,0.7653,0.7947,0.7609,0.7717
ames_v2_0082,0.0005,0.4,32,5,0.1,0.01,1,1e-05,5,300,50,scaffold,98.4237,87.9339,,83.2369,,100,True,2025-11-21 16:39:06,0.9862,0.9386,0.9418,0.9398,0.9371,0.8897,0.7895,0.8154,0.8224,0.7468,0.8687,0.7653,0.8046,0.8092,0.7002
ames_v2_0095,0.001,0.4,64,7,0.1,0.01,1,1e-05,5,300,50,scaffold,99.2353,87.9216,,82.5655,,100,True,2025-11-21 16:39:44,0.9933,0.9574,0.9598,0.9618,0.9525,0.8915,0.7799,0.8086,0.8224,0.7247,0.8548,0.7632,0.8021,0.8034,0.7036
ames_v2_0081,0.0005,0.4,16,5,0.1,0.01,1,1e-05,5,300,50,scaffold,97.6501,87.9231,,84.7616,,87,True,2025-11-21 16:42:13,0.9767,0.9246,0.9280,0.9183,0.9317,0.8704,0.7937,0.8180,0.8200,0.7595,0.8821,0.7817,0.8249,0.8609,0.6644
ames_v2_0070,0.0001,0.4,32,3,0.1,0.01,1,1e-05,5,300,50,scaffold,97.2990,88.7731,,83.8616,,239,True,2025-11-21 16:43:33,0.9757,0.9124,0.9171,0.9161,0.9084,0.9006,0.7950,0.8207,0.8297,0.7500,0.8779,0.7701,0.7981,0.7609,0.7836
ames_v2_0069,0.0001,0.4,16,3,0.1,0.01,1,1e-05,5,300,50,scaffold,95.6393,88.6923,,83.6343,,140,True,2025-11-21 16:44:37,0.9603,0.8899,0.8960,0.8975,0.8813,0.9024,0.8019,0.8282,0.8443,0.7468,0.8756,0.7605,0.7948,0.7770,0.7359
ames_v2_0085,0.0001,0.4,32,5,0.1,0.01,1,0.0,5,300,50,scaffold,96.2952,88.0417,,83.8409,,202,True,2025-11-21 16:44:49,0.9673,0.9022,0.9074,0.9061,0.8980,0.9078,0.7937,0.8166,0.8127,0.7690,0.8714,0.7783,0.8178,0.8333,0.6968
ames_v2_0073,0.001,0.4,32,5,0.1,0.01,1,0.0,5,300,50,scaffold,98.5724,87.6082,,83.3859,,76,True,2025-11-21 16:46:25,0.9852,0.9407,0.9441,0.9462,0.9346,0.8797,0.7785,0.8063,0.8151,0.7310,0.8618,0.7625,0.8018,0.8046,0.7002
ames_v2_0089,0.0001,0.4,64,5,0.1,0.01,1,1e-05,5,300,50,scaffold,97.6299,88.0979,,84.1498,,308,True,2025-11-21 16:46:27,0.9797,0.9221,0.9267,0.9320,0.9109,0.9064,0.8033,0.8283,0.8394,0.7563,0.8709,0.7804,0.8224,0.8517,0.6746
ames_v2_0099,0.0005,0.4,16,7,0.1,0.01,1,1e-05,5,300,50,scaffold,96.8925,87.8877,,84.4967,,67,True,2025-11-21 16:48:00,0.9625,0.9138,0.9196,0.9317,0.8938,0.8749,0.7868,0.8179,0.8467,0.7089,0.8692,0.7790,0.8097,0.7874,0.7666
ames_v2_0076,0.001,0.4,32,5,0.1,0.01,1,1e-05,5,300,50,scaffold,98.8724,87.6967,,84.3778,,82,True,2025-11-21 16:51:13,0.9904,0.9446,0.9485,0.9644,0.9225,0.8775,0.7648,0.8032,0.8491,0.6551,0.8768,0.7817,0.8209,0.8379,0.6985
ames_v2_0074,0.001,0.4,64,5,0.1,0.01,1,0.0,5,300,50,scaffold,98.9607,87.8322,,83.5221,,86,True,2025-11-21 16:52:33,0.9910,0.9480,0.9505,0.9439,0.9525,0.8821,0.7840,0.8083,0.8054,0.7563,0.8656,0.7776,0.8114,0.8011,0.7428
ames_v2_0084,0.0001,0.4,16,5,0.1,0.01,1,0.0,5,300,50,scaffold,96.2383,88.4082,,83.8993,,197,True,2025-11-21 16:53:14,0.9651,0.9001,0.9039,0.8893,0.9121,0.9039,0.7978,0.8183,0.8054,0.7880,0.8719,0.7769,0.8189,0.8448,0.6763
ames_v2_0065,0.0005,0.4,64,3,0.1,0.01,1,1e-05,5,300,50,scaffold,98.6016,89.0719,,83.7304,,112,True,2025-11-21 16:53:37,0.9872,0.9399,0.9433,0.9458,0.9334,0.9005,0.7950,0.8233,0.8443,0.7310,0.8770,0.7694,0.8093,0.8195,0.6951
ames_v2_0098,0.0005,0.4,64,7,0.1,0.01,1,0.0,5,300,50,scaffold,98.0174,87.6066,,83.5812,,91,True,2025-11-21 16:54:38,0.9831,0.9270,0.9313,0.9361,0.9167,0.8985,0.7923,0.8187,0.8297,0.7437,0.8687,0.7749,0.8117,0.8126,0.7189
ames_v2_0060,0.0005,0.4,16,3,0.1,0.01,1,0.0,5,300,50,scaffold,97.6803,88.6045,,84.1158,,80,True,2025-11-21 16:55:34,0.9791,0.9274,0.9303,0.9172,0.9388,0.8700,0.7840,0.8055,0.7908,0.7753,0.8736,0.7687,0.8071,0.8103,0.7070
ames_v2_0077,0.001,0.4,64,5,0.1,0.01,1,1e-05,5,300,50,scaffold,99.5649,88.1472,,82.9533,,125,True,2025-11-21 16:57:11,0.9961,0.9678,0.9694,0.9640,0.9721,0.8835,0.7978,0.8240,0.8370,0.7468,0.8644,0.7714,0.8109,0.8207,0.6985
ames_v2_0115,0.0005,0.5,32,3,0.1,0.01,1,0.0,5,300,50,scaffold,96.4788,88.6345,,83.4436,,96,True,2025-11-21 17:02:08,0.9680,0.9015,0.9066,0.9046,0.8980,0.8785,0.7978,0.8235,0.8345,0.7500,0.8660,0.7625,0.7979,0.7851,0.7291
ames_v2_0119,0.0005,0.5,64,3,0.1,0.01,1,1e-05,5,300,50,scaffold,96.8459,88.6061,,83.3614,,111,True,2025-11-21 17:04:27,0.9673,0.9083,0.9120,0.8990,0.9188,0.8971,0.7937,0.8144,0.8005,0.7848,0.8691,0.7721,0.8094,0.8103,0.7155
ames_v2_0114,0.0005,0.5,16,3,0.1,0.01,1,0.0,5,300,50,scaffold,96.2971,89.3244,,83.5499,,95,True,2025-11-21 17:05:28,0.9659,0.8948,0.8976,0.8719,0.9204,0.8884,0.7882,0.8070,0.7835,0.7943,0.8725,0.7660,0.8009,0.7885,0.7325
ames_v2_0086,0.0001,0.4,64,5,0.1,0.01,1,0.0,5,300,50,scaffold,96.6909,88.0009,,84.1295,,257,True,2025-11-21 17:07:29,0.9714,0.9042,0.9079,0.8934,0.9163,0.9104,0.7937,0.8139,0.7981,0.7880,0.8750,0.7756,0.8109,0.8057,0.7308
ames_v2_0109,0.001,0.5,32,3,0.1,0.01,1,0.0,5,300,50,scaffold,97.4802,88.5013,,83.1082,,96,True,2025-11-21 17:11:11,0.9780,0.9230,0.9273,0.9287,0.9167,0.8790,0.7827,0.8092,0.8151,0.7405,0.8532,0.7763,0.8109,0.8034,0.7359
ames_v2_0104,0.0001,0.4,64,7,0.1,0.01,1,0.0,5,300,50,scaffold,96.4953,87.8677,,83.7755,,245,True,2025-11-21 17:12:39,0.9701,0.9001,0.9052,0.9023,0.8975,0.8982,0.7909,0.8128,0.8029,0.7753,0.8704,0.7838,0.8180,0.8138,0.7394
ames_v2_0116,0.0005,0.5,64,3,0.1,0.01,1,0.0,5,300,50,scaffold,97.3819,88.5421,,83.9866,,139,True,2025-11-21 17:14:17,0.9770,0.9179,0.9226,0.9250,0.9100,0.8916,0.7923,0.8161,0.8151,0.7627,0.8793,0.7756,0.8128,0.8161,0.7155
ames_v2_0112,0.001,0.5,32,3,0.1,0.01,1,1e-05,5,300,50,scaffold,97.1330,87.9169,,84.1961,,75,True,2025-11-21 17:15:46,0.9748,0.9117,0.9156,0.9068,0.9171,0.8829,0.7854,0.8102,0.8102,0.7532,0.8749,0.7728,0.8137,0.8310,0.6865
ames_v2_0121,0.0001,0.5,32,3,0.1,0.01,1,0.0,5,300,50,scaffold,93.6828,88.0663,,83.3169,,163,True,2025-11-21 17:16:16,0.9452,0.8608,0.8702,0.8823,0.8367,0.8969,0.8074,0.8325,0.8467,0.7563,0.8742,0.7557,0.7925,0.7816,0.7172
ames_v2_0079,0.0005,0.4,32,5,0.1,0.01,1,0.0,5,300,50,scaffold,98.0331,87.9077,,83.1994,,102,True,2025-11-21 17:22:35,0.9747,0.9344,0.9378,0.9346,0.9342,0.8973,0.7950,0.8207,0.8297,0.7500,0.8700,0.7687,0.8037,0.7931,0.7325
ames_v2_0118,0.0005,0.5,32,3,0.1,0.01,1,1e-05,5,300,50,scaffold,97.0961,88.7346,,83.5763,,121,True,2025-11-21 17:23:39,0.9726,0.9040,0.9060,0.8749,0.9367,0.8779,0.8129,0.8296,0.8054,0.8228,0.8678,0.7824,0.8224,0.8437,0.6917
ames_v2_0120,0.0001,0.5,16,3,0.1,0.01,1,0.0,5,300,50,scaffold,94.5246,88.2846,,84.1669,,205,True,2025-11-21 17:25:56,0.9508,0.8736,0.8801,0.8778,0.8688,0.9032,0.7978,0.8214,0.8224,0.7658,0.8831,0.7769,0.8157,0.8264,0.7036
ames_v2_0102,0.0001,0.4,16,7,0.1,0.01,1,0.0,5,300,50,scaffold,95.9479,88.2226,,83.7359,,175,True,2025-11-21 17:28:54,0.9631,0.8942,0.9018,0.9190,0.8663,0.8976,0.8129,0.8389,0.8613,0.7500,0.8645,0.7708,0.8076,0.8057,0.7189
ames_v2_0088,0.0001,0.4,32,5,0.1,0.01,1,1e-05,5,300,50,scaffold,97.4628,88.4012,,83.7628,,265,True,2025-11-21 17:33:18,0.9760,0.9179,0.9209,0.9035,0.9342,0.9047,0.7992,0.8180,0.7981,0.8006,0.8752,0.7763,0.8156,0.8287,0.6985
ames_v2_0107,0.0001,0.4,64,7,0.1,0.01,1,1e-05,5,300,50,scaffold,96.8595,88.0448,,84.0226,,256,True,2025-11-21 17:34:55,0.9730,0.9060,0.9096,0.8953,0.9180,0.9056,0.8006,0.8181,0.7932,0.8101,0.8712,0.7769,0.8133,0.8138,0.7223
ames_v2_0108,0.001,0.5,16,3,0.1,0.01,1,0.0,5,300,50,scaffold,96.5982,89.0426,,83.8571,,81,True,2025-11-21 17:36:24,0.9673,0.9044,0.9084,0.8971,0.9125,0.8509,0.7854,0.8093,0.8054,0.7595,0.8728,0.7673,0.8033,0.7954,0.7257
ames_v2_0136,0.0005,0.5,32,5,0.1,0.01,1,1e-05,5,300,50,scaffold,97.7990,87.8854,,84.3272,,149,True,2025-11-21 17:38:01,0.9807,0.9242,0.9286,0.9324,0.9150,0.8901,0.7854,0.8120,0.8200,0.7405,0.8723,0.7817,0.8114,0.7862,0.7751
ames_v2_0105,0.0001,0.4,16,7,0.1,0.01,1,1e-05,5,300,50,scaffold,96.2386,88.3350,,83.6365,,169,True,2025-11-21 17:39:26,0.9665,0.8958,0.9008,0.8949,0.8967,0.8968,0.8033,0.8262,0.8273,0.7722,0.8583,0.7769,0.8098,0.7954,0.7496
ames_v2_0097,0.0005,0.4,32,7,0.1,0.01,1,0.0,5,300,50,scaffold,97.5583,88.2203,,83.3226,,76,True,2025-11-21 17:40:02,0.9788,0.9230,0.9267,0.9198,0.9267,0.8980,0.7895,0.8136,0.8127,0.7595,0.8635,0.7680,0.8046,0.8000,0.7206
ames_v2_0101,0.0005,0.4,64,7,0.1,0.01,1,1e-05,5,300,50,scaffold,98.9955,87.9085,,83.8606,,133,True,2025-11-21 17:46:38,0.9914,0.9482,0.9507,0.9447,0.9521,0.8751,0.7909,0.8155,0.8175,0.7563,0.8726,0.7680,0.8014,0.7839,0.7445
ames_v2_0092,0.001,0.4,64,7,0.1,0.01,1,0.0,5,300,50,scaffold,99.0355,88.1079,,83.1941,,87,True,2025-11-21 17:47:46,0.9915,0.9492,0.9517,0.9469,0.9517,0.8857,0.7950,0.8207,0.8297,0.7500,0.8640,0.7660,0.8019,0.7931,0.7257
ames_v2_0072,0.001,0.4,16,5,0.1,0.01,1,0.0,5,300,50,scaffold,98.8558,87.8954,,83.7387,,100,True,2025-11-21 17:49:33,0.9898,0.9478,0.9504,0.9473,0.9484,0.8790,0.8033,0.8267,0.8297,0.7690,0.8716,0.7859,0.8217,0.8264,0.7257
ames_v2_0075,0.001,0.4,16,5,0.1,0.01,1,1e-05,5,300,50,scaffold,98.2318,87.4650,,84.2507,,69,True,2025-11-21 17:51:39,0.9842,0.9309,0.9344,0.9313,0.9304,0.8672,0.7895,0.8150,0.8200,0.7500,0.8747,0.7797,0.8212,0.8471,0.6797
ames_v2_0130,0.001,0.5,32,5,0.1,0.01,1,1e-05,5,300,50,scaffold,98.1122,87.7907,,82.9748,,107,True,2025-11-21 17:53:39,0.9831,0.9317,0.9355,0.9365,0.9263,0.8828,0.7909,0.8146,0.8127,0.7627,0.8538,0.7701,0.8049,0.7943,0.7342
ames_v2_0139,0.0001,0.5,32,5,0.1,0.01,1,0.0,5,300,50,scaffold,95.7658,88.0586,,84.2640,,328,True,2025-11-21 17:58:09,0.9597,0.8934,0.8987,0.8942,0.8925,0.9029,0.7992,0.8202,0.8102,0.7848,0.8774,0.7687,0.7995,0.7724,0.7632
ames_v2_0090,0.001,0.4,16,7,0.1,0.01,1,0.0,5,300,50,scaffold,97.8695,88.6268,,84.1810,,68,True,2025-11-21 17:58:18,0.9676,0.9305,0.9351,0.9473,0.9117,0.8775,0.7964,0.8283,0.8686,0.7025,0.8735,0.7769,0.8071,0.7816,0.7700
ames_v2_0111,0.001,0.5,16,3,0.1,0.01,1,1e-05,5,300,50,scaffold,97.7291,88.1787,,82.8554,,132,True,2025-11-21 17:58:28,0.9744,0.9289,0.9328,0.9335,0.9238,0.8688,0.7840,0.8151,0.8418,0.7089,0.8649,0.7653,0.8092,0.8333,0.6644
ames_v2_0142,0.0001,0.5,32,5,0.1,0.01,1,1e-05,5,300,50,scaffold,95.9066,87.9316,,83.7391,,303,True,2025-11-21 17:59:28,0.9538,0.8926,0.8952,0.8671,0.9213,0.9049,0.7992,0.8147,0.7810,0.8228,0.8713,0.7749,0.8102,0.8046,0.7308
ames_v2_0087,0.0001,0.4,16,5,0.1,0.01,1,1e-05,5,300,50,scaffold,97.0818,88.5498,,83.9337,,243,True,2025-11-21 18:00:08,0.9691,0.9179,0.9223,0.9209,0.9146,0.8949,0.7992,0.8262,0.8443,0.7405,0.8708,0.7776,0.8112,0.8000,0.7445
ames_v2_0091,0.001,0.4,32,7,0.1,0.01,1,0.0,5,300,50,scaffold,98.4448,88.0809,,84.1520,,76,True,2025-11-21 18:02:40,0.9851,0.9399,0.9434,0.9469,0.9321,0.8836,0.7827,0.8115,0.8273,0.7247,0.8737,0.7811,0.8189,0.8287,0.7104
ames_v2_0100,0.0005,0.4,32,7,0.1,0.01,1,1e-05,5,300,50,scaffold,98.1553,88.0871,,83.5117,,94,True,2025-11-21 18:03:51,0.9835,0.9293,0.9322,0.9183,0.9417,0.8820,0.7895,0.8127,0.8078,0.7658,0.8642,0.7598,0.7902,0.7575,0.7632
ames_v2_0143,0.0001,0.5,64,5,0.1,0.01,1,1e-05,5,300,50,scaffold,96.0831,88.0417,,84.0493,,342,True,2025-11-21 18:06:00,0.9661,0.8954,0.9013,0.9038,0.8859,0.9102,0.8102,0.8313,0.8273,0.7880,0.8692,0.7728,0.8070,0.7954,0.7394
ames_v2_0093,0.001,0.4,16,7,0.1,0.01,1,1e-05,5,300,50,scaffold,98.3587,87.8176,,84.5765,,74,True,2025-11-21 18:06:39,0.9854,0.9391,0.9421,0.9372,0.9413,0.8901,0.7882,0.8103,0.8005,0.7722,0.8661,0.7886,0.8260,0.8402,0.7121
ames_v2_0094,0.001,0.4,32,7,0.1,0.01,1,1e-05,5,300,50,scaffold,98.4884,87.6251,,85.0532,,74,True,2025-11-21 18:11:02,0.9865,0.9380,0.9414,0.9424,0.9329,0.8868,0.7882,0.8153,0.8273,0.7373,0.8789,0.7865,0.8267,0.8529,0.6882
ames_v2_0158,0.0001,0.5,64,7,0.1,0.01,1,0.0,5,300,50,scaffold,92.9994,86.7574,,84.2995,,154,True,2025-11-21 18:13:21,0.9393,0.8551,0.8604,0.8444,0.8671,0.8971,0.7909,0.8076,0.7762,0.8101,0.8753,0.7769,0.8103,0.7977,0.7462
ames_v2_0133,0.0005,0.5,32,5,0.1,0.01,1,0.0,5,300,50,scaffold,97.1472,87.6859,,84.4969,,125,True,2025-11-21 18:16:54,0.9744,0.9134,0.9164,0.8971,0.9317,0.8956,0.7730,0.7925,0.7664,0.7816,0.8739,0.7865,0.8234,0.8333,0.7172
ames_v2_0110,0.001,0.5,64,3,0.1,0.01,1,0.0,5,300,50,scaffold,98.5349,89.1989,,83.3609,,139,True,2025-11-21 18:18:57,0.9871,0.9372,0.9411,0.9491,0.9238,0.8989,0.7923,0.8179,0.8248,0.7500,0.8590,0.7797,0.8152,0.8138,0.7291
ames_v2_0134,0.0005,0.5,64,5,0.1,0.01,1,0.0,5,300,50,scaffold,97.9579,88.7932,,83.4450,,182,True,2025-11-21 18:22:01,0.9815,0.9297,0.9343,0.9450,0.9125,0.8920,0.8116,0.8409,0.8808,0.7215,0.8656,0.7824,0.8185,0.8218,0.7240
ames_v2_0141,0.0001,0.5,16,5,0.1,0.01,1,1e-05,5,300,50,scaffold,94.8306,88.5052,,84.1295,,213,True,2025-11-21 18:23:45,0.9421,0.8850,0.8914,0.8927,0.8763,0.9067,0.8143,0.8375,0.8467,0.7722,0.8726,0.7763,0.8120,0.8092,0.7274
ames_v2_0157,0.0001,0.5,32,7,0.1,0.01,1,0.0,5,300,50,scaffold,94.4442,87.7506,,84.0526,,201,True,2025-11-21 18:26:30,0.9517,0.8702,0.8749,0.8585,0.8834,0.8996,0.8033,0.8215,0.8005,0.8070,0.8755,0.7570,0.7883,0.7575,0.7564
ames_v2_0137,0.0005,0.5,64,5,0.1,0.01,1,1e-05,5,300,50,scaffold,97.6618,88.1502,,83.7382,,143,True,2025-11-21 18:29:24,0.9797,0.9238,0.9285,0.9350,0.9113,0.8790,0.7730,0.7995,0.8005,0.7373,0.8701,0.7865,0.8250,0.8425,0.7036
ames_v2_0128,0.001,0.5,64,5,0.1,0.01,1,0.0,5,300,50,scaffold,97.7356,88.2103,,83.5587,,102,True,2025-11-21 18:32:56,0.9762,0.9272,0.9314,0.9354,0.9180,0.9012,0.7937,0.8193,0.8273,0.7500,0.8716,0.7728,0.8114,0.8184,0.7053
ames_v2_0125,0.0001,0.5,64,3,0.1,0.01,1,1e-05,5,300,50,scaffold,96.0053,88.8632,,83.1680,,354,True,2025-11-21 18:35:16,0.9649,0.8916,0.8959,0.8819,0.9025,0.9133,0.8061,0.8244,0.8054,0.8070,0.8709,0.7666,0.8039,0.8011,0.7155
ames_v2_0124,0.0001,0.5,32,3,0.1,0.01,1,1e-05,5,300,50,scaffold,95.6006,88.7362,,83.2484,,259,True,2025-11-21 18:36:53,0.9610,0.8854,0.8880,0.8596,0.9142,0.8972,0.8006,0.8148,0.7762,0.8323,0.8722,0.7660,0.8046,0.8069,0.7053
ames_v2_0117,0.0005,0.5,16,3,0.1,0.01,1,1e-05,5,300,50,scaffold,96.5461,88.7292,,84.0778,,95,True,2025-11-21 18:37:33,0.9663,0.8912,0.8928,0.8563,0.9304,0.8683,0.7648,0.7782,0.7299,0.8101,0.8744,0.7728,0.8074,0.7977,0.7359
ames_v2_0160,0.0001,0.5,32,7,0.1,0.01,1,1e-05,5,300,50,scaffold,94.0753,87.5527,,83.9043,,165,True,2025-11-21 18:38:04,0.9484,0.8685,0.8737,0.8608,0.8771,0.8960,0.8019,0.8195,0.7956,0.8101,0.8736,0.7714,0.8028,0.7793,0.7598
ames_v2_0152,0.0005,0.5,64,7,0.1,0.01,1,0.0,5,300,50,scaffold,97.5485,88.7531,,83.7101,,147,True,2025-11-21 18:39:49,0.9788,0.9207,0.9249,0.9242,0.9167,0.9041,0.8102,0.8321,0.8321,0.7816,0.8725,0.7804,0.8155,0.8126,0.7325
ames_v2_0122,0.0001,0.5,64,3,0.1,0.01,1,0.0,5,300,50,scaffold,96.3443,89.1381,,83.1569,,452,True,2025-11-21 18:41:57,0.9649,0.9018,0.9079,0.9146,0.8875,0.9062,0.8047,0.8268,0.8248,0.7785,0.8718,0.7680,0.8016,0.7851,0.7428
ames_v2_0113,0.001,0.5,64,3,0.1,0.01,1,1e-05,5,300,50,scaffold,97.4509,89.2544,,83.4845,,85,True,2025-11-21 18:42:52,0.9771,0.9179,0.9229,0.9287,0.9059,0.8810,0.7978,0.8222,0.8273,0.7595,0.8712,0.7701,0.8076,0.8080,0.7138
ames_v2_0131,0.001,0.5,64,5,0.1,0.01,1,1e-05,5,300,50,scaffold,98.3687,87.9208,,84.4366,,113,True,2025-11-21 18:42:57,0.9861,0.9340,0.9377,0.9395,0.9279,0.8925,0.8061,0.8327,0.8540,0.7437,0.8798,0.7824,0.8183,0.8207,0.7257
ames_v2_0123,0.0001,0.5,16,3,0.1,0.01,1,1e-05,5,300,50,scaffold,95.0114,88.7185,,83.9999,,205,True,2025-11-21 18:43:24,0.9544,0.8801,0.8864,0.8853,0.8742,0.8919,0.8088,0.8315,0.8345,0.7753,0.8767,0.7735,0.8121,0.8195,0.7053
ames_v2_0156,0.0001,0.5,16,7,0.1,0.01,1,0.0,5,300,50,scaffold,94.5991,88.0709,,84.8278,,201,True,2025-11-21 18:46:21,0.9521,0.8714,0.8754,0.8541,0.8909,0.9044,0.8074,0.8246,0.8005,0.8165,0.8835,0.7742,0.8084,0.7977,0.7394
ames_v2_0140,0.0001,0.5,64,5,0.1,0.01,1,0.0,5,300,50,scaffold,95.7197,88.0309,,84.2717,,342,True,2025-11-21 18:48:48,0.9632,0.8879,0.8943,0.8971,0.8776,0.9082,0.8198,0.8385,0.8273,0.8101,0.8727,0.7749,0.8097,0.8023,0.7342
ames_v2_0129,0.001,0.5,16,5,0.1,0.01,1,1e-05,5,300,50,scaffold,96.4828,87.1285,,84.6555,,74,True,2025-11-21 18:48:49,0.9682,0.9042,0.9118,0.9372,0.8671,0.8921,0.7882,0.8222,0.8662,0.6867,0.8804,0.7666,0.7927,0.7471,0.7956
ames_v2_0127,0.001,0.5,32,5,0.1,0.01,1,0.0,5,300,50,scaffold,98.9243,88.5052,,83.8306,,176,True,2025-11-21 19:02:16,0.9906,0.9484,0.9511,0.9506,0.9459,0.8973,0.8129,0.8400,0.8686,0.7405,0.8651,0.7776,0.8186,0.8402,0.6848
ames_v2_0145,0.001,0.5,32,7,0.1,0.01,1,0.0,5,300,50,scaffold,98.6008,88.0748,,83.3819,,169,True,2025-11-21 19:02:28,0.9833,0.9435,0.9471,0.9566,0.9288,0.8769,0.7840,0.8193,0.8662,0.6772,0.8496,0.7701,0.8033,0.7862,0.7462
ames_v2_0126,0.001,0.5,16,5,0.1,0.01,1,0.0,5,300,50,scaffold,98.7823,88.4336,,83.8387,,163,True,2025-11-21 19:05:49,0.9892,0.9429,0.9460,0.9473,0.9379,0.8860,0.7923,0.8196,0.8345,0.7373,0.8682,0.7763,0.8113,0.8057,0.7325
ames_v2_0147,0.001,0.5,16,7,0.1,0.01,1,1e-05,5,300,50,scaffold,96.8119,88.0678,,83.7040,,78,True,2025-11-21 19:08:22,0.9635,0.9115,0.9159,0.9120,0.9109,0.8724,0.7895,0.8136,0.8127,0.7595,0.8753,0.7563,0.7860,0.7494,0.7666
ames_v2_0135,0.0005,0.5,16,5,0.1,0.01,1,1e-05,5,300,50,scaffold,96.6927,87.7891,,84.0426,,110,True,2025-11-21 19:11:46,0.9712,0.9087,0.9133,0.9094,0.9080,0.8959,0.7882,0.8127,0.8127,0.7563,0.8722,0.7721,0.8120,0.8241,0.6951
ames_v2_0150,0.0005,0.5,16,7,0.1,0.01,1,0.0,5,300,50,scaffold,95.9856,88.3712,,84.0369,,98,True,2025-11-21 19:13:37,0.9627,0.8979,0.9040,0.9087,0.8859,0.8608,0.7909,0.8195,0.8394,0.7278,0.8684,0.7797,0.8190,0.8345,0.6985
ames_v2_0161,0.0001,0.5,64,7,0.1,0.01,1,1e-05,5,300,50,scaffold,97.0199,88.6338,,83.5041,,488,True,2025-11-21 19:22:38,0.9740,0.9105,0.9144,0.9049,0.9167,0.9112,0.8129,0.8317,0.8175,0.8070,0.8625,0.7742,0.8097,0.8046,0.7291
ames_v2_0132,0.0005,0.5,16,5,0.1,0.01,1,0.0,5,300,50,scaffold,97.2800,88.2688,,83.6855,,163,True,2025-11-21 19:23:54,0.9580,0.9242,0.9292,0.9406,0.9059,0.8904,0.7950,0.8241,0.8491,0.7247,0.8629,0.7776,0.8174,0.8333,0.6951
ames_v2_0153,0.0005,0.5,16,7,0.1,0.01,1,1e-05,5,300,50,scaffold,96.3853,87.8938,,83.6104,,90,True,2025-11-21 19:24:38,0.9680,0.9009,0.9074,0.9183,0.8813,0.8773,0.8102,0.8365,0.8589,0.7468,0.8699,0.7632,0.7969,0.7782,0.7411
ames_v2_0154,0.0005,0.5,32,7,0.1,0.01,1,1e-05,5,300,50,scaffold,96.9445,88.5060,,83.7385,,113,True,2025-11-21 19:28:13,0.9700,0.9099,0.9142,0.9079,0.9121,0.8856,0.8006,0.8230,0.8200,0.7753,0.8696,0.7735,0.8084,0.8000,0.7342
ames_v2_0138,0.0001,0.5,16,5,0.1,0.01,1,0.0,5,300,50,scaffold,94.5354,88.5383,,84.2562,,217,True,2025-11-21 19:31:26,0.9389,0.8779,0.8843,0.8827,0.8726,0.9054,0.8157,0.8378,0.8418,0.7816,0.8731,0.7742,0.8088,0.8000,0.7359
ames_v2_0159,0.0001,0.5,16,7,0.1,0.01,1,1e-05,5,300,50,scaffold,94.9694,88.1441,,84.8581,,201,True,2025-11-21 19:34:04,0.9547,0.8740,0.8778,0.8559,0.8942,0.9042,0.8061,0.8226,0.7956,0.8196,0.8821,0.7756,0.8104,0.8034,0.7342
ames_v2_0155,0.0005,0.5,64,7,0.1,0.01,1,1e-05,5,300,50,scaffold,97.6939,88.6754,,83.0516,,147,True,2025-11-21 19:35:04,0.9801,0.9234,0.9274,0.9254,0.9213,0.9033,0.8129,0.8329,0.8248,0.7975,0.8634,0.7769,0.8129,0.8115,0.7257
ames_v2_0151,0.0005,0.5,32,7,0.1,0.01,1,0.0,5,300,50,scaffold,97.7002,88.6800,,83.2645,,183,True,2025-11-21 19:35:47,0.9773,0.9230,0.9259,0.9090,0.9388,0.8918,0.8061,0.8222,0.7932,0.8228,0.8631,0.7811,0.8189,0.8287,0.7104
ames_v2_0148,0.001,0.5,32,7,0.1,0.01,1,1e-05,5,300,50,scaffold,97.6064,88.0494,,83.7428,,94,True,2025-11-21 19:37:15,0.9759,0.9217,0.9244,0.9053,0.9400,0.8790,0.7785,0.8044,0.8054,0.7437,0.8727,0.7673,0.8021,0.7897,0.7342
ames_v2_0144,0.001,0.5,16,7,0.1,0.01,1,0.0,5,300,50,scaffold,96.7660,88.3073,,85.0297,,75,True,2025-11-21 19:42:25,0.9710,0.9095,0.9157,0.9298,0.8867,0.8880,0.8033,0.8296,0.8467,0.7468,0.8816,0.7769,0.8109,0.8011,0.7411
ames_v2_0149,0.001,0.5,64,7,0.1,0.01,1,1e-05,5,300,50,scaffold,98.3352,88.8101,,84.0903,,115,True,2025-11-21 19:44:49,0.9854,0.9356,0.9386,0.9317,0.9400,0.8948,0.8267,0.8452,0.8370,0.8133,0.8705,0.7859,0.8223,0.8299,0.7206
ames_v2_0146,0.001,0.5,64,7,0.1,0.01,1,0.0,5,300,50,scaffold,99.0348,89.5300,,83.5790,,176,True,2025-11-21 19:45:08,0.9917,0.9470,0.9493,0.9391,0.9559,0.8991,0.8116,0.8327,0.8297,0.7880,0.8714,0.7763,0.8094,0.7954,0.7479
ames_v3_0007,0.0005,0.4,32,4,0.1,0.01,1,0.001,5,300,50,scaffold,94.5244,86.7797,,82.0531,,79,True,2025-11-22 04:07:55,0.9520,0.8718,0.8748,0.8474,0.8992,0.8505,0.7950,0.8211,0.8321,0.7468,0.8459,0.7550,0.7856,0.7517,0.7598
ames_v3_0005,0.0005,0.4,32,4,0.1,0.01,1,0.0001,5,300,50,scaffold,97.5869,88.3065,,84.0653,,88,True,2025-11-22 04:09:14,0.9784,0.9209,0.9254,0.9280,0.9130,0.8942,0.7978,0.8240,0.8370,0.7468,0.8712,0.7811,0.8157,0.8115,0.7359
ames_v3_0002,0.001,0.4,16,4,0.1,0.01,1,0.001,5,300,50,scaffold,89.5596,83.6906,,80.1310,,59,True,2025-11-22 04:12:27,0.8996,0.8216,0.8355,0.8570,0.7818,0.8481,0.7634,0.7981,0.8273,0.6804,0.8423,0.7419,0.7880,0.8034,0.6508
ames_v3_0000,0.001,0.4,16,4,0.1,0.01,1,0.0001,5,300,50,scaffold,94.9905,86.9814,,84.3093,,60,True,2025-11-22 04:12:35,0.9554,0.8795,0.8884,0.9072,0.8484,0.8708,0.7992,0.8258,0.8418,0.7437,0.8746,0.7735,0.8154,0.8379,0.6780
ames_v3_0006,0.0005,0.4,16,4,0.1,0.01,1,0.001,5,300,50,scaffold,91.9934,85.3991,,81.3147,,64,True,2025-11-22 04:13:46,0.9235,0.8414,0.8481,0.8374,0.8459,0.7979,0.7593,0.7782,0.7470,0.7753,0.8413,0.7653,0.7998,0.7851,0.7359
ames_v3_0001,0.001,0.4,32,4,0.1,0.01,1,0.0001,5,300,50,scaffold,98.3754,88.0286,,83.3503,,124,True,2025-11-22 04:14:41,0.9850,0.9335,0.9363,0.9257,0.9421,0.8626,0.7950,0.8194,0.8224,0.7595,0.8570,0.7742,0.8167,0.8425,0.6729
ames_v3_0004,0.0005,0.4,16,4,0.1,0.01,1,0.0001,5,300,50,scaffold,96.1409,87.7853,,84.2940,,91,True,2025-11-22 04:21:22,0.9485,0.8960,0.8995,0.8808,0.9130,0.8636,0.7772,0.7980,0.7786,0.7753,0.8714,0.7749,0.8143,0.8264,0.6985
ames_v3_0013,0.001,0.4,32,5,0.1,0.01,1,0.0001,5,300,50,scaffold,97.3086,87.4573,,83.8977,,62,True,2025-11-22 04:21:48,0.9758,0.9197,0.9232,0.9127,0.9275,0.8922,0.8116,0.8327,0.8297,0.7880,0.8717,0.7831,0.8211,0.8333,0.7087
ames_v3_0019,0.0005,0.4,32,5,0.1,0.01,1,0.001,5,300,50,scaffold,94.8625,86.8451,,81.6343,,83,True,2025-11-22 04:26:42,0.9537,0.8726,0.8731,0.8292,0.9213,0.8648,0.7730,0.7893,0.7518,0.8006,0.8528,0.7481,0.7921,0.8034,0.6661
ames_v3_0018,0.0005,0.4,16,5,0.1,0.01,1,0.001,5,300,50,scaffold,93.1135,86.8059,,83.3793,,70,True,2025-11-22 04:28:31,0.9386,0.8543,0.8629,0.8674,0.8397,0.8659,0.7785,0.7975,0.7713,0.7880,0.8696,0.7708,0.8060,0.7977,0.7308
ames_v3_0003,0.001,0.4,32,4,0.1,0.01,1,0.001,5,300,50,scaffold,94.7658,86.4117,,82.9072,,151,True,2025-11-22 04:29:24,0.9525,0.8724,0.8833,0.9131,0.8267,0.8897,0.7868,0.8191,0.8540,0.6994,0.8694,0.7536,0.7921,0.7862,0.7053
ames_v3_0009,0.0001,0.4,32,4,0.1,0.01,1,0.0001,5,300,50,scaffold,96.9117,87.7799,,84.1223,,225,True,2025-11-22 04:30:00,0.9727,0.9073,0.9102,0.8886,0.9284,0.9005,0.8074,0.8241,0.7981,0.8196,0.8744,0.7790,0.8152,0.8161,0.7240
ames_v3_0021,0.0001,0.4,32,5,0.1,0.01,1,0.0001,5,300,50,scaffold,97.3199,88.7277,,84.5628,,243,True,2025-11-22 04:31:51,0.9767,0.9162,0.9204,0.9161,0.9163,0.8992,0.8129,0.8350,0.8370,0.7816,0.8778,0.7769,0.8094,0.7931,0.7530
ames_v3_0025,0.001,0.4,32,6,0.1,0.01,1,0.0001,5,300,50,scaffold,97.9585,87.5882,,83.9029,,79,True,2025-11-22 04:40:18,0.9810,0.9293,0.9323,0.9202,0.9396,0.8684,0.7730,0.7893,0.7518,0.8006,0.8707,0.7687,0.8000,0.7747,0.7598
ames_v3_0031,0.0005,0.4,32,6,0.1,0.01,1,0.001,5,300,50,scaffold,96.9303,87.5335,,82.6598,,138,True,2025-11-22 04:41:36,0.9721,0.9109,0.9153,0.9109,0.9109,0.8807,0.7964,0.8259,0.8540,0.7215,0.8587,0.7605,0.7901,0.7552,0.7683
ames_v3_0011,0.0001,0.4,32,4,0.1,0.01,1,0.001,5,300,50,scaffold,97.0166,87.7491,,82.1216,,317,True,2025-11-22 04:41:43,0.9740,0.9073,0.9105,0.8919,0.9246,0.8666,0.8047,0.8234,0.8054,0.8038,0.8538,0.7481,0.7832,0.7621,0.7274
ames_v3_0010,0.0001,0.4,16,4,0.1,0.01,1,0.001,5,300,50,scaffold,94.7522,86.4763,,83.1804,,187,True,2025-11-22 04:45:33,0.9535,0.8736,0.8775,0.8563,0.8930,0.8625,0.7799,0.7990,0.7737,0.7880,0.8655,0.7550,0.7906,0.7747,0.7257
ames_v3_0008,0.0001,0.4,16,4,0.1,0.01,1,0.0001,5,300,50,scaffold,96.2045,87.9447,,84.2774,,188,True,2025-11-22 04:47:56,0.9643,0.8985,0.9026,0.8897,0.9084,0.8852,0.7909,0.8081,0.7786,0.8070,0.8747,0.7749,0.8038,0.7724,0.7785
ames_v3_0016,0.0005,0.4,16,5,0.1,0.01,1,0.0001,5,300,50,scaffold,96.3889,87.4773,,84.1702,,73,True,2025-11-22 04:49:41,0.9625,0.9058,0.9097,0.8975,0.9150,0.8873,0.7978,0.8183,0.8054,0.7880,0.8745,0.7763,0.8098,0.7977,0.7445
ames_v3_0012,0.001,0.4,16,5,0.1,0.01,1,0.0001,5,300,50,scaffold,96.0446,87.4041,,83.1735,,75,True,2025-11-22 04:51:43,0.9624,0.8938,0.9018,0.9220,0.8621,0.8670,0.7799,0.8068,0.8127,0.7373,0.8750,0.7509,0.7793,0.7368,0.7717
ames_v3_0045,0.0001,0.4,32,7,0.1,0.01,1,0.0001,5,300,50,scaffold,95.7181,87.9447,,84.3586,,165,True,2025-11-22 04:53:09,0.9629,0.8887,0.8928,0.8767,0.9021,0.8965,0.7909,0.8105,0.7908,0.7911,0.8743,0.7701,0.8002,0.7713,0.7683
ames_v3_0015,0.001,0.4,32,5,0.1,0.01,1,0.001,5,300,50,scaffold,93.9184,85.7033,,81.9589,,89,True,2025-11-22 05:02:41,0.9449,0.8653,0.8737,0.8812,0.8476,0.8811,0.7854,0.8156,0.8394,0.7152,0.8539,0.7536,0.7857,0.7563,0.7496
ames_v3_0017,0.0005,0.4,32,5,0.1,0.01,1,0.0001,5,300,50,scaffold,98.5997,87.8777,,83.1125,,125,True,2025-11-22 05:03:27,0.9865,0.9413,0.9441,0.9369,0.9463,0.8689,0.7703,0.7925,0.7762,0.7627,0.8643,0.7673,0.8079,0.8195,0.6899
ames_v3_0022,0.0001,0.4,16,5,0.1,0.01,1,0.001,5,300,50,scaffold,94.9667,87.5527,,83.0461,,206,True,2025-11-22 05:06:58,0.9545,0.8808,0.8878,0.8919,0.8684,0.8823,0.7854,0.8116,0.8175,0.7437,0.8587,0.7769,0.8165,0.8310,0.6968
ames_v3_0020,0.0001,0.4,16,5,0.1,0.01,1,0.0001,5,300,50,scaffold,96.7377,88.1949,,83.8669,,206,True,2025-11-22 05:08:58,0.9707,0.9060,0.9126,0.9283,0.8809,0.9058,0.7964,0.8263,0.8564,0.7184,0.8690,0.7735,0.8138,0.8287,0.6917
ames_v3_0036,0.001,0.4,16,7,0.1,0.01,1,0.0001,5,300,50,scaffold,97.3646,87.4234,,84.2462,,110,True,2025-11-22 05:09:44,0.9706,0.9254,0.9297,0.9332,0.9167,0.8674,0.7909,0.8190,0.8370,0.7310,0.8732,0.7735,0.8177,0.8506,0.6593
ames_v3_0027,0.001,0.4,32,6,0.1,0.01,1,0.001,5,300,50,scaffold,95.1186,88.0886,,80.6767,,111,True,2025-11-22 05:18:34,0.9552,0.8861,0.8918,0.8875,0.8846,0.8338,0.7730,0.8014,0.8102,0.7247,0.8443,0.7557,0.7942,0.7897,0.7053
ames_v3_0023,0.0001,0.4,32,5,0.1,0.01,1,0.001,5,300,50,scaffold,97.9946,88.6692,,82.6788,,399,True,2025-11-22 05:19:15,0.9817,0.9278,0.9313,0.9257,0.9300,0.8751,0.7964,0.8221,0.8321,0.7500,0.8586,0.7632,0.8021,0.8034,0.7036
ames_v3_0041,0.0005,0.4,32,7,0.1,0.01,1,0.0001,5,300,50,scaffold,98.0039,88.0894,,83.0525,,94,True,2025-11-22 05:20:34,0.9825,0.9262,0.9289,0.9116,0.9425,0.8653,0.7937,0.8157,0.8078,0.7753,0.8610,0.7618,0.7953,0.7747,0.7428
ames_v3_0033,0.0001,0.4,32,6,0.1,0.01,1,0.0001,5,300,50,scaffold,97.0035,88.1656,,82.7138,,235,True,2025-11-22 05:21:40,0.9735,0.9089,0.9126,0.8994,0.9196,0.9075,0.8129,0.8321,0.8200,0.8038,0.8592,0.7660,0.8050,0.8092,0.7019
ames_v3_0028,0.0005,0.4,16,6,0.1,0.01,1,0.0001,5,300,50,scaffold,96.7665,87.4719,,84.4146,,81,True,2025-11-22 05:25:20,0.9688,0.9071,0.9112,0.9012,0.9138,0.8748,0.7813,0.8030,0.7883,0.7722,0.8794,0.7838,0.8189,0.8184,0.7325
ames_v3_0056,0.0001,0.4,16,8,0.1,0.01,1,0.0001,5,300,50,scaffold,95.0843,88.4174,,83.9263,,123,True,2025-11-22 05:25:45,0.9547,0.8757,0.8786,0.8504,0.9042,0.9017,0.8019,0.8186,0.7908,0.8165,0.8738,0.7646,0.7915,0.7483,0.7888
ames_v3_0014,0.001,0.4,16,5,0.1,0.01,1,0.001,5,300,50,scaffold,93.0908,86.0190,,82.3000,,242,True,2025-11-22 05:31:01,0.9374,0.8492,0.8624,0.8938,0.7993,0.8514,0.7469,0.8004,0.8978,0.5506,0.8678,0.7646,0.8039,0.8080,0.7002
ames_v3_0034,0.0001,0.4,16,6,0.1,0.01,1,0.001,5,300,50,scaffold,94.2912,86.7558,,82.3510,,154,True,2025-11-22 05:32:01,0.9480,0.8693,0.8733,0.8526,0.8880,0.8861,0.7882,0.8041,0.7689,0.8133,0.8556,0.7461,0.7818,0.7621,0.7223
ames_v3_0055,0.0005,0.4,32,8,0.1,0.01,1,0.001,5,300,50,scaffold,95.8746,86.6727,,82.5853,,76,True,2025-11-22 05:32:28,0.9632,0.8877,0.8897,0.8563,0.9229,0.8623,0.7868,0.8035,0.7713,0.8070,0.8543,0.7701,0.8108,0.8253,0.6882
ames_v3_0051,0.001,0.4,32,8,0.1,0.01,1,0.001,5,300,50,scaffold,94.5882,86.0020,,82.0300,,70,True,2025-11-22 05:35:41,0.9491,0.8742,0.8794,0.8674,0.8817,0.8442,0.7703,0.7931,0.7786,0.7595,0.8530,0.7577,0.7951,0.7874,0.7138
ames_v3_0032,0.0001,0.4,16,6,0.1,0.01,1,0.0001,5,300,50,scaffold,96.6193,88.2141,,83.4590,,200,True,2025-11-22 05:35:50,0.9694,0.9003,0.9025,0.8726,0.9313,0.9041,0.8088,0.8197,0.7689,0.8608,0.8657,0.7708,0.8054,0.7943,0.7359
ames_v3_0042,0.0005,0.4,16,7,0.1,0.01,1,0.001,5,300,50,scaffold,93.5298,85.2128,,82.4528,,74,True,2025-11-22 05:40:34,0.9357,0.8596,0.8659,0.8574,0.8621,0.8660,0.7937,0.8231,0.8491,0.7215,0.8588,0.7646,0.8039,0.8080,0.7002
ames_v3_0058,0.0001,0.4,16,8,0.1,0.01,1,0.001,5,300,50,scaffold,93.9093,87.2586,,83.5241,,122,True,2025-11-22 05:42:33,0.9459,0.8536,0.8506,0.7883,0.9267,0.8769,0.7730,0.7755,0.6934,0.8766,0.8645,0.7660,0.8028,0.7977,0.7189
ames_v3_0029,0.0005,0.4,32,6,0.1,0.01,1,0.0001,5,300,50,scaffold,97.6961,88.3212,,83.0866,,94,True,2025-11-22 05:44:37,0.9770,0.9181,0.9209,0.9016,0.9367,0.8859,0.7923,0.8091,0.7786,0.8101,0.8581,0.7660,0.7967,0.7678,0.7632
ames_v3_0059,0.0001,0.4,32,8,0.1,0.01,1,0.001,5,300,50,scaffold,94.3466,87.7375,,82.5303,,149,True,2025-11-22 05:47:40,0.9495,0.8691,0.8741,0.8600,0.8792,0.8942,0.7895,0.8109,0.7981,0.7785,0.8507,0.7426,0.7649,0.7011,0.8041
ames_v3_0038,0.001,0.4,16,7,0.1,0.01,1,0.001,5,300,50,scaffold,95.3048,86.7273,,83.0324,,259,True,2025-11-22 05:50:20,0.9585,0.8859,0.8908,0.8797,0.8930,0.8701,0.7950,0.8163,0.8054,0.7816,0.8593,0.7618,0.7988,0.7920,0.7172
ames_v3_0035,0.0001,0.4,32,6,0.1,0.01,1,0.001,5,300,50,scaffold,96.9276,86.6188,,83.0578,,323,True,2025-11-22 05:55:26,0.9707,0.9013,0.9034,0.8734,0.9325,0.8721,0.7579,0.7690,0.7129,0.8165,0.8583,0.7625,0.7893,0.7448,0.7888
ames_v3_0046,0.0001,0.4,16,7,0.1,0.01,1,0.001,5,300,50,scaffold,94.0912,86.8013,,83.3533,,136,True,2025-11-22 05:56:02,0.9451,0.8693,0.8729,0.8496,0.8913,0.8574,0.7717,0.7946,0.7810,0.7595,0.8614,0.7577,0.7872,0.7506,0.7683
ames_v3_0047,0.0001,0.4,32,7,0.1,0.01,1,0.001,5,300,50,scaffold,94.8869,87.4719,,82.9354,,169,True,2025-11-22 05:56:19,0.9555,0.8799,0.8850,0.8745,0.8859,0.8898,0.8033,0.8241,0.8151,0.7880,0.8596,0.7605,0.7941,0.7736,0.7411
ames_v3_0050,0.001,0.4,16,8,0.1,0.01,1,0.001,5,300,50,scaffold,91.4135,85.0119,,80.0356,,54,True,2025-11-22 05:57:02,0.9237,0.8357,0.8457,0.8515,0.8180,0.8319,0.7538,0.7830,0.7859,0.7120,0.8224,0.7358,0.7726,0.7517,0.7121
ames_v3_0044,0.0001,0.4,16,7,0.1,0.01,1,0.0001,5,300,50,scaffold,96.1823,88.1033,,84.4450,,175,True,2025-11-22 06:05:20,0.9649,0.9024,0.9089,0.9205,0.8821,0.8880,0.8033,0.8304,0.8516,0.7405,0.8735,0.7790,0.8139,0.8092,0.7342
ames_v3_0024,0.001,0.4,16,6,0.1,0.01,1,0.0001,5,300,50,scaffold,96.3629,88.4113,,83.2814,,89,True,2025-11-22 06:08:20,0.9605,0.8914,0.8930,0.8570,0.9300,0.9037,0.7799,0.7900,0.7324,0.8418,0.8735,0.7536,0.7839,0.7483,0.7615
ames_v3_0083,0.0001,0.5,32,5,0.1,0.01,1,0.001,5,300,50,scaffold,93.5779,86.4817,,82.5425,,237,True,2025-11-22 06:09:45,0.9434,0.8624,0.8685,0.8593,0.8659,0.8851,0.8033,0.8228,0.8078,0.7975,0.8561,0.7522,0.7926,0.7931,0.6917
ames_v3_0064,0.0005,0.5,16,4,0.1,0.01,1,0.0001,5,300,50,scaffold,94.4827,87.4080,,84.6138,,79,True,2025-11-22 06:11:29,0.9483,0.8683,0.8698,0.8322,0.9088,0.8673,0.7717,0.7866,0.7445,0.8070,0.8837,0.7605,0.7960,0.7828,0.7274
ames_v3_0030,0.0005,0.4,16,6,0.1,0.01,1,0.001,5,300,50,scaffold,94.7602,86.3755,,82.6313,,158,True,2025-11-22 06:18:04,0.9360,0.8771,0.8794,0.8478,0.9100,0.8471,0.7882,0.8046,0.7713,0.8101,0.8465,0.7708,0.8128,0.8333,0.6780
ames_v3_0040,0.0005,0.4,16,7,0.1,0.01,1,0.0001,5,300,50,scaffold,96.9000,87.7529,,84.6547,,82,True,2025-11-22 06:18:39,0.9653,0.9124,0.9162,0.9053,0.9204,0.8811,0.7937,0.8130,0.7932,0.7943,0.8749,0.7914,0.8245,0.8207,0.7479
ames_v3_0037,0.001,0.4,32,7,0.1,0.01,1,0.0001,5,300,50,scaffold,97.9488,87.8499,,84.0557,,74,True,2025-11-22 06:19:21,0.9817,0.9280,0.9316,0.9276,0.9284,0.8777,0.8019,0.8257,0.8297,0.7658,0.8722,0.7824,0.8214,0.8379,0.7002
ames_v3_0043,0.0005,0.4,32,7,0.1,0.01,1,0.001,5,300,50,scaffold,97.7282,87.7275,,82.0603,,171,True,2025-11-22 06:21:26,0.9773,0.9209,0.9241,0.9105,0.9325,0.8830,0.7923,0.8081,0.7737,0.8165,0.8571,0.7591,0.7972,0.7931,0.7087
ames_v3_0039,0.001,0.4,32,7,0.1,0.01,1,0.001,5,300,50,scaffold,95.6846,86.4502,,82.3973,,118,True,2025-11-22 06:22:46,0.9611,0.8893,0.8944,0.8871,0.8917,0.8479,0.7730,0.8010,0.8078,0.7278,0.8518,0.7804,0.8200,0.8379,0.6951
ames_v3_0078,0.0005,0.5,16,5,0.1,0.01,1,0.001,5,300,50,scaffold,93.9520,86.5733,,83.2932,,163,True,2025-11-22 06:25:15,0.9466,0.8673,0.8724,0.8582,0.8776,0.8728,0.7950,0.8185,0.8175,0.7658,0.8663,0.7735,0.8114,0.8161,0.7104
ames_v3_0069,0.0001,0.5,32,4,0.1,0.01,1,0.0001,5,300,50,scaffold,95.3370,87.6320,,84.1694,,268,True,2025-11-22 06:26:28,0.9589,0.8822,0.8874,0.8782,0.8867,0.8958,0.7978,0.8183,0.8054,0.7880,0.8702,0.7673,0.8035,0.7966,0.7240
ames_v3_0073,0.001,0.5,32,5,0.1,0.01,1,0.0001,5,300,50,scaffold,96.5823,87.2848,,83.2764,,118,True,2025-11-22 06:26:47,0.9691,0.9052,0.9108,0.9161,0.8930,0.8735,0.7854,0.8147,0.8345,0.7215,0.8695,0.7653,0.8021,0.7966,0.7189
ames_v3_0076,0.0005,0.5,16,5,0.1,0.01,1,0.0001,5,300,50,scaffold,95.7241,86.9907,,83.7445,,112,True,2025-11-22 06:27:04,0.9613,0.8918,0.8958,0.8797,0.9055,0.8786,0.7813,0.8020,0.7835,0.7785,0.8696,0.7708,0.8063,0.7989,0.7291
ames_v3_0049,0.001,0.4,32,8,0.1,0.01,1,0.0001,5,300,50,scaffold,98.1246,87.5235,,84.0486,,83,True,2025-11-22 06:31:31,0.9832,0.9323,0.9362,0.9395,0.9242,0.8694,0.8088,0.8359,0.8613,0.7405,0.8715,0.7742,0.8077,0.7943,0.7445
ames_v3_0068,0.0001,0.5,16,4,0.1,0.01,1,0.0001,5,300,50,scaffold,94.9572,87.4719,,84.7498,,223,True,2025-11-22 06:31:35,0.9549,0.8785,0.8835,0.8715,0.8863,0.8847,0.7882,0.8113,0.8054,0.7658,0.8808,0.7749,0.8124,0.8161,0.7138
ames_v3_0077,0.0005,0.5,32,5,0.1,0.01,1,0.0001,5,300,50,scaffold,97.4927,87.9670,,83.8971,,152,True,2025-11-22 06:33:46,0.9775,0.9232,0.9275,0.9291,0.9167,0.8799,0.7992,0.8228,0.8248,0.7658,0.8746,0.7776,0.8121,0.8046,0.7376
ames_v3_0026,0.001,0.4,16,6,0.1,0.01,1,0.001,5,300,50,scaffold,92.3050,85.8958,,82.8720,,146,True,2025-11-22 06:34:37,0.9289,0.8455,0.8509,0.8340,0.8584,0.8652,0.7799,0.8095,0.8273,0.7184,0.8542,0.7618,0.7923,0.7609,0.7632
ames_v3_0053,0.0005,0.4,32,8,0.1,0.01,1,0.0001,5,300,50,scaffold,97.9159,88.0063,,83.2816,,91,True,2025-11-22 06:35:52,0.9811,0.9236,0.9262,0.9068,0.9425,0.8822,0.7923,0.8138,0.8029,0.7785,0.8659,0.7557,0.7811,0.7299,0.7939
ames_v3_0048,0.001,0.4,16,8,0.1,0.01,1,0.0001,5,300,50,scaffold,97.3752,87.1447,,82.2299,,93,True,2025-11-22 06:43:35,0.9763,0.9164,0.9215,0.9280,0.9034,0.8779,0.8047,0.8289,0.8370,0.7627,0.8517,0.7584,0.7877,0.7506,0.7700
ames_v3_0072,0.001,0.5,16,5,0.1,0.01,1,0.0001,5,300,50,scaffold,93.9102,86.5041,,84.0449,,69,True,2025-11-22 06:45:15,0.9394,0.8685,0.8732,0.8567,0.8817,0.8607,0.7937,0.8120,0.7883,0.8006,0.8689,0.7625,0.7984,0.7874,0.7257
ames_v3_0052,0.0005,0.4,16,8,0.1,0.01,1,0.0001,5,300,50,scaffold,97.6259,87.8615,,83.5902,,93,True,2025-11-22 06:46:56,0.9781,0.9223,0.9256,0.9150,0.9304,0.8824,0.8088,0.8252,0.7981,0.8228,0.8555,0.7680,0.8000,0.7770,0.7547
ames_v3_0060,0.001,0.5,16,4,0.1,0.01,1,0.0001,5,300,50,scaffold,92.9193,85.6532,,82.9092,,64,True,2025-11-22 06:52:21,0.9305,0.8547,0.8567,0.8214,0.8921,0.8346,0.7744,0.7760,0.6910,0.8829,0.8579,0.7749,0.8113,0.8103,0.7223
ames_v3_0088,0.0005,0.5,16,6,0.1,0.01,1,0.0001,5,300,50,scaffold,94.6599,86.9275,,84.1409,,71,True,2025-11-22 06:52:40,0.9516,0.8791,0.8839,0.8708,0.8884,0.8883,0.7964,0.8195,0.8175,0.7690,0.8764,0.7687,0.8060,0.8046,0.7155
ames_v3_0061,0.001,0.5,32,4,0.1,0.01,1,0.0001,5,300,50,scaffold,94.9928,86.8328,,83.9237,,64,True,2025-11-22 06:53:04,0.9548,0.8793,0.8840,0.8704,0.8892,0.8653,0.7758,0.8034,0.8102,0.7310,0.8672,0.7653,0.7981,0.7770,0.7479
ames_v3_0057,0.0001,0.4,32,8,0.1,0.01,1,0.0001,5,300,50,scaffold,97.0183,88.4929,,83.5846,,241,True,2025-11-22 06:53:57,0.9730,0.9089,0.9147,0.9235,0.8925,0.8941,0.7923,0.8205,0.8394,0.7310,0.8694,0.7735,0.8090,0.8034,0.7291
ames_v3_0093,0.0001,0.5,32,6,0.1,0.01,1,0.0001,5,300,50,scaffold,94.7313,87.5358,,83.4506,,204,True,2025-11-22 06:55:55,0.9529,0.8777,0.8832,0.8749,0.8809,0.8997,0.8116,0.8298,0.8127,0.8101,0.8700,0.7666,0.8012,0.7874,0.7359
ames_v3_0089,0.0005,0.5,32,6,0.1,0.01,1,0.0001,5,300,50,scaffold,96.8306,87.7991,,83.7406,,116,True,2025-11-22 07:01:55,0.9714,0.9073,0.9113,0.9005,0.9150,0.8777,0.8033,0.8250,0.8200,0.7816,0.8763,0.7708,0.8113,0.8253,0.6899
ames_v3_0085,0.001,0.5,32,6,0.1,0.01,1,0.0001,5,300,50,scaffold,95.7055,87.5474,,84.0853,,65,True,2025-11-22 07:02:09,0.9601,0.8901,0.8940,0.8771,0.9046,0.8616,0.7827,0.8005,0.7713,0.7975,0.8671,0.7735,0.8084,0.8000,0.7342
ames_v3_0054,0.0005,0.4,16,8,0.1,0.01,1,0.001,5,300,50,scaffold,93.9040,85.8496,,82.1111,,97,True,2025-11-22 07:02:30,0.9389,0.8612,0.8655,0.8448,0.8796,0.8162,0.7524,0.7727,0.7445,0.7627,0.8384,0.7673,0.8066,0.8126,0.7002
ames_v3_0065,0.0005,0.5,32,4,0.1,0.01,1,0.0001,5,300,50,scaffold,96.2327,87.2740,,84.1140,,100,True,2025-11-22 07:08:33,0.9666,0.8969,0.9026,0.9035,0.8896,0.8676,0.7950,0.8181,0.8151,0.7690,0.8781,0.7708,0.8010,0.7724,0.7683
ames_v3_0071,0.0001,0.5,32,4,0.1,0.01,1,0.001,5,300,50,scaffold,91.7527,85.5285,,82.1751,,158,True,2025-11-22 07:09:51,0.9276,0.8416,0.8510,0.8559,0.8255,0.8675,0.7689,0.8028,0.8321,0.6867,0.8541,0.7358,0.7595,0.6989,0.7905
ames_v3_0090,0.0005,0.5,16,6,0.1,0.01,1,0.001,5,300,50,scaffold,94.0093,86.9445,,84.3835,,157,True,2025-11-22 07:13:25,0.9445,0.8665,0.8728,0.8667,0.8663,0.8656,0.7840,0.8045,0.7859,0.7816,0.8745,0.7735,0.8084,0.8000,0.7342
ames_v3_0092,0.0001,0.5,16,6,0.1,0.01,1,0.0001,5,300,50,scaffold,94.2718,86.9660,,84.6034,,180,True,2025-11-22 07:14:14,0.9462,0.8695,0.8740,0.8567,0.8838,0.8610,0.8047,0.8243,0.8102,0.7975,0.8743,0.7749,0.8149,0.8299,0.6934
ames_v3_0062,0.001,0.5,16,4,0.1,0.01,1,0.001,5,300,50,scaffold,89.3306,84.7601,,79.2581,,84,True,2025-11-22 07:15:28,0.9039,0.8214,0.8282,0.8143,0.8292,0.8479,0.7538,0.7882,0.8102,0.6804,0.8198,0.6966,0.7126,0.6299,0.7956
ames_v3_0066,0.0005,0.5,16,4,0.1,0.01,1,0.001,5,300,50,scaffold,90.8576,84.0956,,79.6930,,65,True,2025-11-22 07:20:12,0.9086,0.8363,0.8465,0.8537,0.8167,0.8242,0.7854,0.8116,0.8175,0.7437,0.8473,0.7090,0.7389,0.6897,0.7376
ames_v3_0102,0.0005,0.5,16,7,0.1,0.01,1,0.001,5,300,50,scaffold,92.6011,85.1158,,82.1784,,74,True,2025-11-22 07:22:18,0.9312,0.8514,0.8565,0.8392,0.8651,0.8487,0.7620,0.7867,0.7762,0.7437,0.8527,0.7509,0.7901,0.7851,0.7002
ames_v3_0067,0.0005,0.5,32,4,0.1,0.01,1,0.001,5,300,50,scaffold,93.7239,86.1083,,80.0452,,98,True,2025-11-22 07:22:35,0.9440,0.8659,0.8726,0.8689,0.8626,0.8635,0.7772,0.8058,0.8175,0.7247,0.8471,0.7248,0.7586,0.7241,0.7257
ames_v3_0074,0.001,0.5,16,5,0.1,0.01,1,0.001,5,300,50,scaffold,92.0274,85.7225,,84.0091,,214,True,2025-11-22 07:22:59,0.9276,0.8443,0.8585,0.8931,0.7897,0.8762,0.7813,0.8219,0.8929,0.6361,0.8745,0.7721,0.8265,0.9092,0.5690
ames_v3_0075,0.001,0.5,32,5,0.1,0.01,1,0.001,5,300,50,scaffold,92.2396,85.9528,,81.3869,,95,True,2025-11-22 07:23:40,0.9296,0.8496,0.8558,0.8440,0.8559,0.8236,0.7662,0.7912,0.7835,0.7437,0.8467,0.7371,0.7724,0.7471,0.7223
ames_v3_0103,0.0005,0.5,32,7,0.1,0.01,1,0.001,5,300,50,scaffold,96.3119,87.0184,,82.9975,,167,True,2025-11-22 07:26:17,0.9665,0.8956,0.9009,0.8975,0.8934,0.9010,0.7840,0.8030,0.7786,0.7911,0.8460,0.7680,0.8057,0.8057,0.7121
ames_v3_0063,0.001,0.5,32,4,0.1,0.01,1,0.001,5,300,50,scaffold,95.2732,87.0492,,83.1068,,275,True,2025-11-22 07:32:21,0.9601,0.8810,0.8863,0.8775,0.8850,0.8728,0.8129,0.8373,0.8516,0.7627,0.8586,0.7714,0.8113,0.8230,0.6951
ames_v3_0070,0.0001,0.5,16,4,0.1,0.01,1,0.001,5,300,50,scaffold,93.3945,85.0411,,82.8066,,225,True,2025-11-22 07:32:56,0.9405,0.8614,0.8663,0.8496,0.8746,0.8661,0.7868,0.8084,0.7956,0.7753,0.8594,0.7605,0.7965,0.7851,0.7240
ames_v3_0100,0.0005,0.5,16,7,0.1,0.01,1,0.0001,5,300,50,scaffold,95.2418,87.2763,,84.2958,,74,True,2025-11-22 07:33:35,0.9577,0.8861,0.8912,0.8823,0.8905,0.8609,0.7909,0.8123,0.8005,0.7785,0.8755,0.7721,0.8137,0.8333,0.6814
ames_v3_0099,0.001,0.5,32,7,0.1,0.01,1,0.001,5,300,50,scaffold,92.1234,85.5793,,80.6895,,81,True,2025-11-22 07:34:52,0.9218,0.8418,0.8486,0.8388,0.8451,0.8454,0.7552,0.7797,0.7664,0.7405,0.8506,0.7165,0.7388,0.6713,0.7836
ames_v3_0109,0.001,0.5,32,8,0.1,0.01,1,0.0001,5,300,50,scaffold,96.6617,87.3187,,83.9094,,81,True,2025-11-22 07:38:16,0.9689,0.8922,0.8935,0.8556,0.9334,0.8664,0.7565,0.7643,0.6983,0.8323,0.8766,0.7756,0.8128,0.8161,0.7155
ames_v3_0091,0.0005,0.5,32,6,0.1,0.01,1,0.001,5,300,50,scaffold,94.5707,87.2709,,81.2624,,120,True,2025-11-22 07:41:15,0.9503,0.8779,0.8828,0.8697,0.8871,0.8733,0.7758,0.7980,0.7835,0.7658,0.8319,0.7495,0.7887,0.7828,0.7002
ames_v3_0095,0.0001,0.5,32,6,0.1,0.01,1,0.001,5,300,50,scaffold,92.7277,85.7826,,81.5387,,196,True,2025-11-22 07:51:02,0.9344,0.8512,0.8567,0.8414,0.8621,0.8805,0.7868,0.8030,0.7689,0.8101,0.8488,0.7399,0.7659,0.7126,0.7802
ames_v3_0086,0.001,0.5,16,6,0.1,0.01,1,0.001,5,300,50,scaffold,92.7760,86.0836,,81.5716,,223,True,2025-11-22 07:54:56,0.9308,0.8506,0.8649,0.9042,0.7905,0.8464,0.7304,0.7874,0.8832,0.5316,0.8547,0.7577,0.8089,0.8586,0.6082
ames_v3_0129,0.0001,0.6,32,4,0.1,0.01,1,0.0001,5,300,50,scaffold,91.3283,86.2323,,83.8771,,145,True,2025-11-22 07:59:22,0.9234,0.8428,0.8511,0.8504,0.8342,0.8843,0.7964,0.8177,0.8078,0.7816,0.8684,0.7735,0.8116,0.8172,0.7087
ames_v3_0116,0.0001,0.5,16,8,0.1,0.01,1,0.0001,5,300,50,scaffold,93.8766,88.2857,,84.3157,,148,True,2025-11-22 08:02:04,0.9446,0.8673,0.8701,0.8407,0.8971,0.9046,0.7950,0.8087,0.7664,0.8323,0.8767,0.7708,0.8028,0.7816,0.7547
ames_v3_0112,0.0005,0.5,16,8,0.1,0.01,1,0.0001,5,300,50,scaffold,95.8763,87.8253,,83.4171,,105,True,2025-11-22 08:03:47,0.9571,0.8989,0.9038,0.8979,0.9000,0.8712,0.7964,0.8177,0.8078,0.7816,0.8664,0.7612,0.7883,0.7448,0.7853
ames_v3_0084,0.001,0.5,16,6,0.1,0.01,1,0.0001,5,300,50,scaffold,94.4733,86.8220,,82.6455,,86,True,2025-11-22 08:03:58,0.9470,0.8746,0.8835,0.8994,0.8467,0.8617,0.7840,0.8120,0.8248,0.7310,0.8596,0.7447,0.7852,0.7816,0.6899
ames_v3_0118,0.0001,0.5,16,8,0.1,0.01,1,0.001,5,300,50,scaffold,91.5077,86.0467,,82.6776,,123,True,2025-11-22 08:06:46,0.9145,0.8377,0.8410,0.8121,0.8663,0.8523,0.7675,0.7808,0.7324,0.8133,0.8535,0.7419,0.7667,0.7103,0.7888
ames_v3_0081,0.0001,0.5,32,5,0.1,0.01,1,0.0001,5,300,50,scaffold,95.4875,87.0561,,84.0042,,242,True,2025-11-22 08:06:49,0.9600,0.8865,0.8939,0.9038,0.8671,0.8911,0.7992,0.8237,0.8297,0.7595,0.8707,0.7708,0.8109,0.8230,0.6934
ames_v3_0110,0.001,0.5,16,8,0.1,0.01,1,0.001,5,300,50,scaffold,89.8538,84.3258,,79.5727,,54,True,2025-11-22 08:09:52,0.9077,0.8225,0.8301,0.8203,0.8251,0.8459,0.7717,0.7961,0.7883,0.7500,0.8369,0.7310,0.7592,0.7103,0.7615
ames_v3_0111,0.001,0.5,32,8,0.1,0.01,1,0.001,5,300,50,scaffold,92.0450,84.8825,,78.5300,,54,True,2025-11-22 08:11:30,0.9267,0.8418,0.8460,0.8221,0.8638,0.8611,0.7772,0.8020,0.7981,0.7500,0.8336,0.7056,0.7324,0.6747,0.7513
ames_v3_0094,0.0001,0.5,16,6,0.1,0.01,1,0.001,5,300,50,scaffold,93.0956,85.9497,,82.3968,,191,True,2025-11-22 08:11:37,0.9376,0.8561,0.8596,0.8333,0.8817,0.8587,0.7785,0.7939,0.7543,0.8101,0.8532,0.7584,0.7946,0.7828,0.7223
ames_v3_0080,0.0001,0.5,16,5,0.1,0.01,1,0.0001,5,300,50,scaffold,95.1085,87.5073,,84.1512,,217,True,2025-11-22 08:13:12,0.9562,0.8822,0.8871,0.8756,0.8896,0.8758,0.7840,0.8030,0.7786,0.7911,0.8723,0.7591,0.7934,0.7747,0.7359
ames_v3_0123,0.001,0.6,32,4,0.1,0.01,1,0.001,5,300,50,scaffold,90.2256,84.7570,,78.0859,,58,True,2025-11-22 08:18:22,0.9131,0.8137,0.8158,0.7805,0.8509,0.8342,0.7579,0.7885,0.7981,0.7057,0.8171,0.6589,0.6612,0.5575,0.8092
ames_v3_0082,0.0001,0.5,16,5,0.1,0.01,1,0.001,5,300,50,scaffold,92.5376,85.2051,,82.4020,,185,True,2025-11-22 08:21:24,0.9309,0.8461,0.8475,0.8088,0.8880,0.8383,0.7675,0.7842,0.7470,0.7943,0.8630,0.7536,0.7828,0.7437,0.7683
ames_v3_0098,0.001,0.5,16,7,0.1,0.01,1,0.001,5,300,50,scaffold,93.1822,85.9651,,83.1638,,247,True,2025-11-22 08:21:32,0.9395,0.8537,0.8626,0.8682,0.8376,0.8604,0.7813,0.8015,0.7810,0.7816,0.8691,0.7618,0.8069,0.8333,0.6559
ames_v3_0087,0.001,0.5,32,6,0.1,0.01,1,0.001,5,300,50,scaffold,96.0073,86.0736,,82.9072,,214,True,2025-11-22 08:21:38,0.9646,0.8899,0.8939,0.8775,0.9038,0.8718,0.8019,0.8213,0.8054,0.7975,0.8568,0.7708,0.8076,0.8057,0.7189
ames_v3_0122,0.001,0.6,16,4,0.1,0.01,1,0.001,5,300,50,scaffold,88.5540,83.6844,,78.7973,,77,True,2025-11-22 08:23:21,0.8930,0.8039,0.8081,0.7813,0.8292,0.8487,0.7552,0.7555,0.6691,0.8671,0.8295,0.7145,0.7438,0.6943,0.7445
ames_v3_0125,0.0005,0.6,32,4,0.1,0.01,1,0.0001,5,300,50,scaffold,94.3719,86.5880,,81.9924,,119,True,2025-11-22 08:23:57,0.9488,0.8720,0.8766,0.8596,0.8859,0.8911,0.7882,0.8070,0.7835,0.7943,0.8549,0.7495,0.7918,0.7977,0.6780
ames_v3_0130,0.0001,0.6,16,4,0.1,0.01,1,0.001,5,300,50,scaffold,88.7741,83.8954,,79.6385,,100,True,2025-11-22 08:26:22,0.8949,0.8112,0.8195,0.8110,0.8113,0.8492,0.7579,0.7833,0.7737,0.7373,0.8282,0.7213,0.7485,0.6943,0.7615
ames_v3_0143,0.0001,0.6,32,5,0.1,0.01,1,0.001,5,300,50,scaffold,89.4938,84.1341,,80.3233,,136,True,2025-11-22 08:30:38,0.9068,0.8147,0.8161,0.7776,0.8563,0.8757,0.7785,0.7917,0.7445,0.8228,0.8362,0.7495,0.7823,0.7540,0.7428
ames_v3_0139,0.0005,0.6,32,5,0.1,0.01,1,0.001,5,300,50,scaffold,90.8681,84.3913,,79.5570,,76,True,2025-11-22 08:35:13,0.9167,0.8322,0.8454,0.8678,0.7922,0.8679,0.7675,0.8005,0.8248,0.6930,0.8209,0.7255,0.7487,0.6851,0.7853
ames_v3_0079,0.0005,0.5,32,5,0.1,0.01,1,0.001,5,300,50,scaffold,96.5683,86.6450,,81.4862,,202,True,2025-11-22 08:36:14,0.9685,0.9038,0.9090,0.9083,0.8988,0.8770,0.7785,0.8067,0.8175,0.7278,0.8386,0.7515,0.7931,0.7977,0.6831
ames_v3_0107,0.0001,0.5,32,7,0.1,0.01,1,0.001,5,300,50,scaffold,92.8144,86.0467,,82.7502,,168,True,2025-11-22 08:45:53,0.9373,0.8559,0.8643,0.8682,0.8421,0.8725,0.7634,0.7938,0.8054,0.7089,0.8593,0.7488,0.7744,0.7218,0.7888
ames_v3_0106,0.0001,0.5,16,7,0.1,0.01,1,0.001,5,300,50,scaffold,91.5119,85.4361,,81.4433,,122,True,2025-11-22 08:46:37,0.9185,0.8377,0.8420,0.8180,0.8596,0.8299,0.7827,0.8054,0.7956,0.7658,0.8439,0.7193,0.7373,0.6598,0.8075
ames_v3_0105,0.0001,0.5,32,7,0.1,0.01,1,0.0001,5,300,50,scaffold,95.2294,87.5889,,83.9315,,245,True,2025-11-22 08:47:21,0.9582,0.8789,0.8812,0.8500,0.9113,0.8907,0.7895,0.8021,0.7543,0.8354,0.8684,0.7769,0.8092,0.7920,0.7547
ames_v3_0104,0.0001,0.5,16,7,0.1,0.01,1,0.0001,5,300,50,scaffold,94.3034,87.9131,,84.8754,,164,True,2025-11-22 08:48:49,0.9484,0.8693,0.8718,0.8411,0.9009,0.8928,0.7923,0.8076,0.7713,0.8196,0.8775,0.7790,0.8170,0.8264,0.7087
ames_v3_0133,0.001,0.6,32,5,0.1,0.01,1,0.0001,5,300,50,scaffold,96.0104,86.6681,,82.7120,,160,True,2025-11-22 08:49:22,0.9645,0.8920,0.8967,0.8867,0.8980,0.8769,0.7950,0.8190,0.8200,0.7627,0.8503,0.7790,0.8168,0.8253,0.7104
ames_v3_0132,0.001,0.6,16,5,0.1,0.01,1,0.0001,5,300,50,scaffold,92.6223,86.2430,,82.0425,,73,True,2025-11-22 08:50:19,0.9336,0.8494,0.8526,0.8236,0.8784,0.8670,0.7854,0.8025,0.7713,0.8038,0.8562,0.7653,0.8016,0.7943,0.7223
ames_v3_0137,0.0005,0.6,32,5,0.1,0.01,1,0.0001,5,300,50,scaffold,95.9306,87.0854,,83.7056,,200,True,2025-11-22 08:51:44,0.9628,0.8924,0.8966,0.8819,0.9042,0.8851,0.7827,0.8030,0.7835,0.7816,0.8706,0.7769,0.8187,0.8437,0.6780
ames_v3_0097,0.001,0.5,32,7,0.1,0.01,1,0.0001,5,300,50,scaffold,97.2681,87.3040,,84.4166,,110,True,2025-11-22 08:52:32,0.9755,0.9183,0.9229,0.9242,0.9117,0.8683,0.8019,0.8257,0.8297,0.7658,0.8802,0.7708,0.8181,0.8632,0.6337
ames_v3_0134,0.001,0.6,16,5,0.1,0.01,1,0.001,5,300,50,scaffold,89.7094,83.9709,,78.8440,,82,True,2025-11-22 08:57:59,0.9025,0.8233,0.8373,0.8596,0.7826,0.8543,0.7689,0.8009,0.8224,0.6994,0.8194,0.7111,0.7403,0.6897,0.7428
ames_v3_0113,0.0005,0.5,32,8,0.1,0.01,1,0.0001,5,300,50,scaffold,96.0111,88.2357,,83.6086,,90,True,2025-11-22 08:59:48,0.9612,0.8987,0.9043,0.9049,0.8917,0.8854,0.8047,0.8293,0.8394,0.7595,0.8685,0.7666,0.8014,0.7885,0.7342
ames_v3_0096,0.001,0.5,16,7,0.1,0.01,1,0.0001,5,300,50,scaffold,96.3071,88.0832,,83.9288,,141,True,2025-11-22 09:00:02,0.9668,0.9005,0.9051,0.8979,0.9034,0.8870,0.7854,0.8107,0.8127,0.7500,0.8782,0.7728,0.8160,0.8437,0.6678
ames_v3_0101,0.0005,0.5,32,7,0.1,0.01,1,0.0001,5,300,50,scaffold,96.6641,87.6151,,84.1403,,113,True,2025-11-22 09:02:31,0.9714,0.9056,0.9094,0.8968,0.9155,0.8649,0.7978,0.8192,0.8102,0.7816,0.8693,0.7735,0.8070,0.7931,0.7445
ames_v3_0115,0.0005,0.5,32,8,0.1,0.01,1,0.001,5,300,50,scaffold,94.1105,86.5218,,82.6268,,77,True,2025-11-22 09:03:56,0.9485,0.8661,0.8685,0.8366,0.8992,0.8850,0.7799,0.7927,0.7445,0.8259,0.8592,0.7591,0.7909,0.7632,0.7530
ames_v3_0141,0.0001,0.6,32,5,0.1,0.01,1,0.0001,5,300,50,scaffold,93.8107,86.5395,,84.3653,,308,True,2025-11-22 09:07:23,0.9461,0.8669,0.8720,0.8578,0.8771,0.8864,0.7978,0.8183,0.8054,0.7880,0.8763,0.7687,0.8086,0.8184,0.6951
ames_v3_0149,0.0005,0.6,32,6,0.1,0.01,1,0.0001,5,300,50,scaffold,94.4570,87.9277,,83.7038,,120,True,2025-11-22 09:08:56,0.9504,0.8753,0.8818,0.8793,0.8709,0.8846,0.7992,0.8237,0.8297,0.7595,0.8687,0.7728,0.8127,0.8253,0.6951
ames_v3_0138,0.0005,0.6,16,5,0.1,0.01,1,0.001,5,300,50,scaffold,93.2207,85.7033,,80.9066,,193,True,2025-11-22 09:09:40,0.9316,0.8534,0.8560,0.8244,0.8859,0.8598,0.7675,0.7836,0.7445,0.7975,0.8287,0.7618,0.8107,0.8540,0.6252
ames_v3_0119,0.0001,0.5,32,8,0.1,0.01,1,0.001,5,300,50,scaffold,91.9663,86.9437,,82.5982,,143,True,2025-11-22 09:09:53,0.9290,0.8378,0.8384,0.7954,0.8855,0.8929,0.7854,0.7931,0.7275,0.8608,0.8651,0.7605,0.7921,0.7644,0.7547
ames_v3_0117,0.0001,0.5,32,8,0.1,0.01,1,0.0001,5,300,50,scaffold,94.3783,88.5560,,83.6944,,182,True,2025-11-22 09:13:49,0.9502,0.8722,0.8800,0.8860,0.8567,0.9086,0.8006,0.8234,0.8224,0.7722,0.8681,0.7639,0.7938,0.7609,0.7683
ames_v3_0135,0.001,0.6,32,5,0.1,0.01,1,0.001,5,300,50,scaffold,93.8970,88.4752,,80.8040,,217,True,2025-11-22 09:21:51,0.9452,0.8598,0.8639,0.8414,0.8805,0.8603,0.7964,0.8177,0.8078,0.7816,0.8301,0.7653,0.8143,0.8621,0.6218
ames_v3_0108,0.001,0.5,16,8,0.1,0.01,1,0.0001,5,300,50,scaffold,95.1765,86.8290,,82.6967,,92,True,2025-11-22 09:23:58,0.9515,0.8850,0.8903,0.8827,0.8875,0.8554,0.7813,0.8030,0.7883,0.7722,0.8577,0.7536,0.7857,0.7563,0.7496
ames_v3_0131,0.0001,0.6,32,4,0.1,0.01,1,0.001,5,300,50,scaffold,88.8994,84.1187,,80.0428,,114,True,2025-11-22 09:26:40,0.9009,0.8088,0.8160,0.8021,0.8163,0.8563,0.7675,0.7916,0.7810,0.7500,0.8424,0.7282,0.7556,0.7034,0.7649
ames_v3_0114,0.0005,0.5,16,8,0.1,0.01,1,0.001,5,300,50,scaffold,92.9916,85.0511,,82.3952,,97,True,2025-11-22 09:28:29,0.9336,0.8545,0.8583,0.8336,0.8780,0.8514,0.7799,0.8005,0.7810,0.7785,0.8523,0.7618,0.7974,0.7851,0.7274
ames_v3_0145,0.001,0.6,32,6,0.1,0.01,1,0.0001,5,300,50,scaffold,95.7595,87.2756,,82.6458,,138,True,2025-11-22 09:28:58,0.9615,0.8924,0.8981,0.8971,0.8871,0.8606,0.7620,0.7882,0.7835,0.7342,0.8643,0.7454,0.7723,0.7230,0.7785
ames_v3_0126,0.0005,0.6,16,4,0.1,0.01,1,0.001,5,300,50,scaffold,88.7746,84.2835,,75.6475,,56,True,2025-11-22 09:29:17,0.8920,0.7984,0.7990,0.7579,0.8438,0.8510,0.7538,0.7604,0.6910,0.8354,0.8092,0.6953,0.7329,0.7000,0.6882
ames_v3_0148,0.0005,0.6,16,6,0.1,0.01,1,0.0001,5,300,50,scaffold,94.5887,87.5712,,83.3999,,155,True,2025-11-22 09:30:56,0.9520,0.8718,0.8775,0.8682,0.8759,0.8875,0.7923,0.8143,0.8054,0.7753,0.8667,0.7708,0.8040,0.7874,0.7462
ames_v3_0128,0.0001,0.6,16,4,0.1,0.01,1,0.0001,5,300,50,scaffold,91.4919,85.8534,,83.1567,,133,True,2025-11-22 09:34:55,0.9232,0.8414,0.8466,0.8281,0.8563,0.8718,0.7923,0.8110,0.7883,0.7975,0.8634,0.7625,0.7936,0.7644,0.7598
ames_v3_0127,0.0005,0.6,32,4,0.1,0.01,1,0.001,5,300,50,scaffold,90.9439,84.2488,,80.1674,,62,True,2025-11-22 09:35:40,0.9183,0.8314,0.8396,0.8348,0.8276,0.8521,0.7593,0.7879,0.7908,0.7184,0.8268,0.7172,0.7382,0.6678,0.7905
ames_v3_0151,0.0005,0.6,32,6,0.1,0.01,1,0.001,5,300,50,scaffold,95.1309,86.8582,,80.5957,,201,True,2025-11-22 09:36:04,0.9565,0.8820,0.8888,0.8923,0.8705,0.8689,0.7758,0.8053,0.8200,0.7184,0.8224,0.7605,0.7943,0.7747,0.7394
ames_v3_0121,0.001,0.6,32,4,0.1,0.01,1,0.0001,5,300,50,scaffold,92.4747,86.5025,,82.7993,,63,True,2025-11-22 09:37:31,0.9297,0.8486,0.8566,0.8548,0.8417,0.8501,0.7785,0.8081,0.8248,0.7184,0.8603,0.7666,0.8014,0.7885,0.7342
ames_v3_0152,0.0001,0.6,16,6,0.1,0.01,1,0.0001,5,300,50,scaffold,91.4680,86.7959,,83.4207,,150,True,2025-11-22 09:38:35,0.9212,0.8402,0.8448,0.8225,0.8601,0.8708,0.8074,0.8241,0.7981,0.8196,0.8620,0.7653,0.7964,0.7690,0.7598
ames_v3_0120,0.001,0.6,16,4,0.1,0.01,1,0.0001,5,300,50,scaffold,91.1346,85.4815,,80.3652,,57,True,2025-11-22 09:39:32,0.9081,0.8380,0.8489,0.8604,0.8130,0.8245,0.7607,0.7878,0.7859,0.7278,0.8288,0.7440,0.7770,0.7471,0.7394
ames_v3_0147,0.001,0.6,32,6,0.1,0.01,1,0.001,5,300,50,scaffold,92.5849,85.7795,,80.8140,,124,True,2025-11-22 09:53:44,0.9330,0.8461,0.8552,0.8596,0.8309,0.8634,0.7593,0.7847,0.7762,0.7373,0.8364,0.7509,0.7962,0.8149,0.6559
ames_v3_0146,0.001,0.6,16,6,0.1,0.01,1,0.001,5,300,50,scaffold,90.4680,85.2829,,82.1314,,120,True,2025-11-22 09:54:13,0.9110,0.8276,0.8394,0.8518,0.8005,0.8638,0.7772,0.8094,0.8370,0.6994,0.8595,0.7653,0.8108,0.8425,0.6508
ames_v3_0136,0.0005,0.6,16,5,0.1,0.01,1,0.0001,5,300,50,scaffold,93.8011,87.0192,,83.0811,,112,True,2025-11-22 09:59:04,0.9445,0.8634,0.8672,0.8437,0.8855,0.8712,0.7813,0.7995,0.7713,0.7943,0.8594,0.7625,0.8011,0.8011,0.7053
ames_v3_0161,0.0005,0.6,32,7,0.1,0.01,1,0.0001,5,300,50,scaffold,96.3322,87.3710,,83.1706,,208,True,2025-11-22 10:00:09,0.9661,0.8987,0.9025,0.8871,0.9117,0.8896,0.7895,0.8075,0.7810,0.8006,0.8609,0.7584,0.7900,0.7609,0.7547
ames_v3_0144,0.001,0.6,16,6,0.1,0.01,1,0.0001,5,300,50,scaffold,95.0015,87.0892,,82.7024,,193,True,2025-11-22 10:00:36,0.9517,0.8844,0.8902,0.8864,0.8821,0.8586,0.7840,0.8129,0.8297,0.7247,0.8634,0.7577,0.7857,0.7437,0.7785
ames_v3_0159,0.001,0.6,32,7,0.1,0.01,1,0.001,5,300,50,scaffold,94.2616,86.9599,,82.8761,,169,True,2025-11-22 10:00:36,0.9484,0.8734,0.8800,0.8778,0.8684,0.8628,0.8006,0.8263,0.8394,0.7500,0.8563,0.7632,0.7984,0.7851,0.7308
ames_v3_0163,0.0005,0.6,32,7,0.1,0.01,1,0.001,5,300,50,scaffold,92.4455,84.7570,,80.8195,,82,True,2025-11-22 10:05:50,0.9327,0.8430,0.8462,0.8169,0.8721,0.8554,0.7662,0.7864,0.7616,0.7722,0.8401,0.7385,0.7695,0.7310,0.7496
ames_v3_0175,0.0005,0.6,32,8,0.1,0.01,1,0.001,5,300,50,scaffold,90.7895,84.8171,,79.9041,,60,True,2025-11-22 10:07:52,0.9112,0.8347,0.8446,0.8500,0.8176,0.8234,0.7717,0.7990,0.8029,0.7310,0.8326,0.7481,0.7872,0.7805,0.7002
ames_v3_0170,0.001,0.6,16,8,0.1,0.01,1,0.001,5,300,50,scaffold,89.3729,84.7508,,77.2880,,54,True,2025-11-22 10:14:43,0.8896,0.8163,0.8203,0.7932,0.8421,0.8484,0.7703,0.7925,0.7762,0.7627,0.7946,0.6774,0.6983,0.6253,0.7547
ames_v3_0164,0.0001,0.6,16,7,0.1,0.01,1,0.0001,5,300,50,scaffold,92.3316,86.6465,,84.4765,,175,True,2025-11-22 10:16:18,0.9314,0.8469,0.8548,0.8526,0.8405,0.8778,0.7909,0.8109,0.7932,0.7880,0.8759,0.7721,0.8029,0.7770,0.7649
ames_v3_0124,0.0005,0.6,16,4,0.1,0.01,1,0.0001,5,300,50,scaffold,96.4012,87.5119,,83.2807,,271,True,2025-11-22 10:17:32,0.9676,0.8958,0.8987,0.8745,0.9196,0.8900,0.8143,0.8285,0.7932,0.8418,0.8718,0.7660,0.7986,0.7770,0.7496
ames_v3_0168,0.001,0.6,16,8,0.1,0.01,1,0.0001,5,300,50,scaffold,92.2789,85.7626,,81.4251,,67,True,2025-11-22 10:19:02,0.9304,0.8449,0.8566,0.8763,0.8097,0.8629,0.7785,0.8126,0.8491,0.6867,0.8431,0.7481,0.7880,0.7839,0.6951
ames_v3_0166,0.0001,0.6,16,7,0.1,0.01,1,0.001,5,300,50,scaffold,91.1635,84.5992,,81.1772,,153,True,2025-11-22 10:19:05,0.9225,0.8318,0.8328,0.7924,0.8759,0.8671,0.7634,0.7772,0.7299,0.8070,0.8380,0.7399,0.7713,0.7345,0.7479
ames_v3_0171,0.001,0.6,32,8,0.1,0.01,1,0.001,5,300,50,scaffold,91.0944,85.1220,,76.7127,,56,True,2025-11-22 10:22:45,0.9198,0.8306,0.8348,0.8095,0.8542,0.8586,0.7703,0.7941,0.7835,0.7532,0.7979,0.6699,0.6821,0.5931,0.7836
ames_v3_0167,0.0001,0.6,32,7,0.1,0.01,1,0.001,5,300,50,scaffold,91.9595,85.6171,,81.6065,,243,True,2025-11-22 10:28:10,0.9310,0.8447,0.8493,0.8277,0.8638,0.8881,0.7840,0.7979,0.7543,0.8228,0.8496,0.7543,0.7911,0.7793,0.7172
ames_v3_0165,0.0001,0.6,32,7,0.1,0.01,1,0.0001,5,300,50,scaffold,94.3969,87.5443,,83.4220,,368,True,2025-11-22 10:28:43,0.9506,0.8691,0.8713,0.8381,0.9038,0.8895,0.7923,0.8086,0.7762,0.8133,0.8664,0.7639,0.8014,0.7977,0.7138
ames_v3_0140,0.0001,0.6,16,5,0.1,0.01,1,0.0001,5,300,50,scaffold,92.7345,87.3972,,84.2178,,217,True,2025-11-22 10:30:42,0.9348,0.8481,0.8529,0.8333,0.8646,0.8555,0.7813,0.7980,0.7640,0.8038,0.8757,0.7557,0.7848,0.7460,0.7700
ames_v3_0142,0.0001,0.6,16,5,0.1,0.01,1,0.001,5,300,50,scaffold,91.1470,85.4346,,81.6531,,206,True,2025-11-22 10:33:26,0.9203,0.8357,0.8463,0.8559,0.8130,0.8649,0.7675,0.7947,0.7956,0.7310,0.8425,0.7577,0.7977,0.8000,0.6951
ames_v3_0172,0.0005,0.6,16,8,0.1,0.01,1,0.0001,5,300,50,scaffold,93.5063,86.7427,,83.1107,,134,True,2025-11-22 10:34:25,0.9330,0.8614,0.8652,0.8411,0.8842,0.8396,0.7854,0.8010,0.7640,0.8133,0.8667,0.7660,0.8050,0.8092,0.7019
ames_v3_0160,0.0005,0.6,16,7,0.1,0.01,1,0.0001,5,300,50,scaffold,93.3589,86.3277,,83.3185,,74,True,2025-11-22 10:35:24,0.9413,0.8614,0.8654,0.8426,0.8825,0.8699,0.7882,0.8056,0.7762,0.8038,0.8619,0.7831,0.8159,0.8046,0.7513
ames_v3_0173,0.0005,0.6,32,8,0.1,0.01,1,0.0001,5,300,50,scaffold,94.0145,87.0553,,82.8777,,90,True,2025-11-22 10:47:24,0.9480,0.8691,0.8749,0.8659,0.8726,0.8976,0.8157,0.8346,0.8224,0.8070,0.8550,0.7680,0.8035,0.7943,0.7291
ames_v3_0155,0.0001,0.6,32,6,0.1,0.01,1,0.001,5,300,50,scaffold,89.4688,84.2635,,79.0830,,148,True,2025-11-22 10:52:51,0.8998,0.8200,0.8262,0.8095,0.8317,0.8732,0.7703,0.7899,0.7640,0.7785,0.8194,0.7172,0.7402,0.6747,0.7802
ames_v3_0153,0.0001,0.6,32,6,0.1,0.01,1,0.0001,5,300,50,scaffold,93.3092,87.8931,,83.1369,,285,True,2025-11-22 10:54:44,0.9407,0.8606,0.8668,0.8578,0.8638,0.8985,0.8184,0.8362,0.8200,0.8165,0.8668,0.7577,0.7920,0.7724,0.7359
ames_v3_0156,0.001,0.6,16,7,0.1,0.01,1,0.0001,5,300,50,scaffold,94.9914,87.5581,,83.5266,,170,True,2025-11-22 11:00:51,0.9532,0.8803,0.8844,0.8667,0.8955,0.8803,0.7992,0.8206,0.8127,0.7816,0.8633,0.7804,0.8257,0.8713,0.6457
ames_v3_0174,0.0005,0.6,16,8,0.1,0.01,1,0.001,5,300,50,scaffold,90.2284,84.4860,,79.2050,,55,True,2025-11-22 11:00:56,0.9125,0.8174,0.8152,0.7616,0.8800,0.8493,0.7744,0.7870,0.7372,0.8228,0.8299,0.7337,0.7810,0.7954,0.6422
ames_v3_0150,0.0005,0.6,16,6,0.1,0.01,1,0.001,5,300,50,scaffold,89.8920,84.3112,,78.3095,,61,True,2025-11-22 11:07:44,0.9048,0.8196,0.8269,0.8151,0.8247,0.8481,0.7744,0.8024,0.8102,0.7278,0.8131,0.7049,0.7275,0.6598,0.7717
ames_v3_0162,0.0005,0.6,16,7,0.1,0.01,1,0.001,5,300,50,scaffold,89.1640,84.1249,,78.6181,,59,True,2025-11-22 11:09:02,0.8824,0.8110,0.8150,0.7876,0.8372,0.7882,0.7552,0.7808,0.7713,0.7342,0.8099,0.7337,0.7720,0.7552,0.7019
ames_v3_0176,0.0001,0.6,16,8,0.1,0.01,1,0.0001,5,300,50,scaffold,92.1195,86.8813,,83.5982,,188,True,2025-11-22 11:13:21,0.9289,0.8490,0.8564,0.8515,0.8463,0.8804,0.8047,0.8251,0.8151,0.7911,0.8586,0.7653,0.8068,0.8207,0.6831
ames_v3_0169,0.001,0.6,32,8,0.1,0.01,1,0.0001,5,300,50,scaffold,95.4280,86.8390,,83.6071,,109,True,2025-11-22 11:14:47,0.9587,0.8793,0.8817,0.8511,0.9109,0.8859,0.8019,0.8195,0.7956,0.8101,0.8770,0.7646,0.8018,0.7977,0.7155
ames_v3_0154,0.0001,0.6,16,6,0.1,0.01,1,0.001,5,300,50,scaffold,91.2217,84.9341,,81.0823,,201,True,2025-11-22 11:18:31,0.9189,0.8367,0.8416,0.8210,0.8542,0.8381,0.7895,0.8080,0.7835,0.7975,0.8301,0.7481,0.7830,0.7609,0.7291
ames_v3_0157,0.001,0.6,32,7,0.1,0.01,1,0.0001,5,300,50,scaffold,95.9511,86.6388,,82.7171,,126,True,2025-11-22 11:23:25,0.9643,0.8901,0.8931,0.8685,0.9142,0.8406,0.7620,0.7785,0.7397,0.7911,0.8424,0.7811,0.8186,0.8276,0.7121
ames_v3_0158,0.001,0.6,16,7,0.1,0.01,1,0.001,5,300,50,scaffold,89.0965,83.6821,,80.0693,,69,True,2025-11-22 11:25:16,0.8969,0.8086,0.8180,0.8136,0.8030,0.8291,0.7634,0.7918,0.7956,0.7215,0.8171,0.7159,0.7419,0.6839,0.7632
ames_v3_0179,0.0001,0.6,32,8,0.1,0.01,1,0.001,5,300,50,scaffold,90.2224,85.3145,,80.3587,,141,True,2025-11-22 11:42:46,0.9135,0.8247,0.8311,0.8158,0.8347,0.8731,0.7799,0.7980,0.7689,0.7943,0.8328,0.7310,0.7580,0.7057,0.7683
ames_v3_0178,0.0001,0.6,16,8,0.1,0.01,1,0.001,5,300,50,scaffold,89.7507,85.2051,,79.4895,,101,True,2025-11-22 11:46:08,0.9074,0.8210,0.8329,0.8440,0.7951,0.8746,0.7648,0.7952,0.8078,0.7089,0.8201,0.7358,0.7648,0.7195,0.7598
ames_v3_0177,0.0001,0.6,32,8,0.1,0.01,1,0.0001,5,300,50,scaffold,93.1804,88.1371,,83.4070,,247,True,2025-11-22 11:49:02,0.9393,0.8592,0.8669,0.8667,0.8509,0.8950,0.8212,0.8399,0.8297,0.8101,0.8715,0.7708,0.8109,0.8230,0.6934
