experiment_id,lr,dropout_ratio,batch_size,num_experts,alpha,beta,min_temp,decay,num_layer,emb_dim,gate_dim,split_type,train_metric,val_metric,val_metric_std,test_metric,test_metric_std,num_epochs_trained,early_stopped,timestamp,train_rmse,train_r2,train_pearson,train_spearman,val_rmse,val_r2,val_pearson,val_spearman,test_rmse,test_r2,test_pearson,test_spearman,features
optuna_trial_0_seed_0,1.010230747035731e-05,0.30000000000000004,32,6,0.9645291594948788,0.002909659194181661,0.40622592495057586,3.189532740842346e-06,7,300,50,scaffold,79.6222,65.6282,,73.3413,,200,False,2025-11-26 08:39:36,91.4218,-31.9942,0.0789,0.1006,75.1825,-17.8385,0.0273,0.1140,80.5166,-16.8872,0.0639,0.1194,basic
optuna_trial_0_seed_0,2.1758903185783593e-05,0.2,128,4,0.030740174824107704,0.009546610137223199,0.012555184495714909,4.762107135162197e-06,7,300,50,scaffold,63.9953,66.2335,,71.0284,,200,False,2025-11-26 08:41:00,69.4512,-18.0752,0.1038,0.0685,72.5952,-16.5642,0.2214,0.2405,76.2334,-15.0347,0.2218,0.1676,basic+phys
optuna_trial_0_seed_1,2.1758903185783593e-05,0.2,128,4,0.030740174824107704,0.009546610137223199,0.012555184495714909,4.762107135162197e-06,7,300,50,scaffold,61.6778,68.6600,,66.7160,,200,False,2025-11-26 08:46:52,67.4257,-16.1663,0.1529,0.1539,71.6416,-20.0682,0.2547,0.2027,71.2783,-14.2040,0.2836,0.1694,basic+phys
optuna_trial_0_seed_1,1.010230747035731e-05,0.30000000000000004,32,6,0.9645291594948788,0.002909659194181661,0.40622592495057586,3.189532740842346e-06,7,300,50,scaffold,81.8895,81.6941,,74.3547,,200,False,2025-11-26 08:50:29,93.5655,-31.9153,0.0716,0.1102,92.7803,-34.3354,0.1519,0.1745,79.8814,-18.0956,0.0546,0.0080,basic
optuna_trial_0_seed_2,2.1758903185783593e-05,0.2,128,4,0.030740174824107704,0.009546610137223199,0.012555184495714909,4.762107135162197e-06,7,300,50,scaffold,62.9634,69.8344,,71.3248,,200,False,2025-11-26 08:52:43,68.2712,-14.9459,0.1334,0.0902,75.8450,-21.4149,0.0263,0.0168,76.2596,-23.7242,0.1003,0.0280,basic+phys
optuna_trial_0_seed_3,2.1758903185783593e-05,0.2,128,4,0.030740174824107704,0.009546610137223199,0.012555184495714909,4.762107135162197e-06,7,300,50,scaffold,67.9979,69.4767,,71.6498,,200,False,2025-11-26 08:58:55,74.1471,-16.2579,0.1035,0.0655,74.4006,-24.4723,0.2110,0.1610,76.6164,-27.6927,0.0105,0.0437,basic+phys
optuna_trial_0_seed_2,1.010230747035731e-05,0.30000000000000004,32,6,0.9645291594948788,0.002909659194181661,0.40622592495057586,3.189532740842346e-06,7,300,50,scaffold,79.4109,73.1661,,75.2556,,200,False,2025-11-26 09:01:34,90.8916,-26.8669,0.0684,0.1018,82.7988,-25.7135,0.0433,0.1259,81.8540,-27.4848,0.0500,-0.0132,basic
optuna_trial_0_seed_4,2.1758903185783593e-05,0.2,128,4,0.030740174824107704,0.009546610137223199,0.012555184495714909,4.762107135162197e-06,7,300,50,scaffold,67.2122,73.7707,,74.7425,,200,False,2025-11-26 09:05:13,73.3409,-18.8588,0.0634,0.0749,77.7746,-21.4466,0.0042,0.1230,78.8163,-18.0602,0.2493,0.1627,basic+phys
optuna_trial_0_seed_3,1.010230747035731e-05,0.30000000000000004,32,6,0.9645291594948788,0.002909659194181661,0.40622592495057586,3.189532740842346e-06,7,300,50,scaffold,80.7111,85.8493,,86.2332,,114,True,2025-11-26 09:07:51,87.6382,-23.7653,0.0385,0.0313,90.6255,-36.7935,0.0102,0.1008,89.3611,-38.0324,0.0283,0.1505,basic
optuna_trial_1_seed_0,0.007212629295433655,0.1,32,5,0.12298575095217675,0.007067433866208796,0.033342105075872056,1.005999564779354e-06,4,300,50,scaffold,3.8818,8.8041,,10.0785,,59,True,2025-11-26 09:08:35,5.9618,0.8596,0.9291,0.8193,14.4691,0.3023,0.5580,0.6532,14.4846,0.4211,0.6642,0.6739,basic+phys
optuna_trial_1_seed_1,0.007212629295433655,0.1,32,5,0.12298575095217675,0.007067433866208796,0.033342105075872056,1.005999564779354e-06,4,300,50,scaffold,3.0441,8.8994,,10.0107,,100,True,2025-11-26 09:14:23,4.9235,0.9098,0.9559,0.8857,13.6839,0.2314,0.4951,0.5163,15.4097,0.2894,0.5871,0.6211,basic+phys
optuna_trial_1_seed_2,0.007212629295433655,0.1,32,5,0.12298575095217675,0.007067433866208796,0.033342105075872056,1.005999564779354e-06,4,300,50,scaffold,3.8205,7.7319,,8.2598,,58,True,2025-11-26 09:17:43,6.0006,0.8786,0.9390,0.8786,14.5064,0.1800,0.4915,0.6189,12.0483,0.3829,0.6399,0.6386,basic+phys
optuna_trial_0_seed_4,1.010230747035731e-05,0.30000000000000004,32,6,0.9645291594948788,0.002909659194181661,0.40622592495057586,3.189532740842346e-06,7,300,50,scaffold,77.5849,79.5888,,76.4348,,200,False,2025-11-26 09:18:49,88.9297,-28.3074,0.0601,0.0772,87.7148,-27.5510,0.1870,0.2768,81.7139,-19.4874,0.0236,-0.0033,basic
optuna_trial_1_seed_3,0.007212629295433655,0.1,32,5,0.12298575095217675,0.007067433866208796,0.033342105075872056,1.005999564779354e-06,4,300,50,scaffold,3.8253,8.7268,,9.1870,,68,True,2025-11-26 09:21:37,5.8174,0.8912,0.9527,0.8966,15.3029,-0.0776,0.4549,0.5825,13.8854,0.0576,0.4934,0.5997,basic+phys
optuna_trial_1_seed_0,6.892509757386984e-05,0.1,512,6,0.2507147245147828,0.02764087430052448,0.07004801339446912,3.835265636137266e-05,6,300,50,scaffold,79.9997,74.0305,,77.1005,,200,False,2025-11-26 09:23:50,85.1232,-27.0343,0.0408,0.0616,77.4768,-19.0059,-0.0026,0.1175,81.1927,-17.1888,0.0350,0.0657,basic
optuna_trial_1_seed_4,0.007212629295433655,0.1,32,5,0.12298575095217675,0.007067433866208796,0.033342105075872056,1.005999564779354e-06,4,300,50,scaffold,2.9621,8.5897,,9.5897,,111,True,2025-11-26 09:28:11,4.7330,0.9170,0.9589,0.9242,13.9336,0.2796,0.5804,0.6795,14.4623,0.3582,0.6287,0.5757,basic+phys
optuna_trial_1_seed_1,6.892509757386984e-05,0.1,512,6,0.2507147245147828,0.02764087430052448,0.07004801339446912,3.835265636137266e-05,6,300,50,scaffold,78.0389,80.2042,,76.0868,,200,False,2025-11-26 09:29:14,83.4356,-25.8368,-0.0041,-0.0014,84.0402,-27.9916,0.0689,0.1202,80.0551,-18.1788,-0.0013,-0.0664,basic
optuna_trial_1_seed_2,6.892509757386984e-05,0.1,512,6,0.2507147245147828,0.02764087430052448,0.07004801339446912,3.835265636137266e-05,6,300,50,scaffold,76.6936,78.6006,,79.3496,,200,False,2025-11-26 09:34:18,82.4567,-22.0636,0.0187,0.0487,81.3318,-24.7753,-0.0724,0.0417,82.8826,-28.2053,-0.0291,-0.0815,basic
optuna_trial_1_seed_3,6.892509757386984e-05,0.1,512,6,0.2507147245147828,0.02764087430052448,0.07004801339446912,3.835265636137266e-05,6,300,50,scaffold,82.4637,85.7201,,87.9286,,93,True,2025-11-26 09:36:41,86.5265,-23.2657,0.0176,0.0253,88.1789,-34.7804,-0.0033,0.0934,89.6203,-38.2592,0.0856,0.1959,basic
optuna_trial_6_seed_0,3.504268624030472e-05,0.1,64,7,0.16853812269165946,0.001148292383399584,0.02394679327599019,7.203903760655032e-06,6,300,50,scaffold,9.1116,18.4465,,21.0138,,200,False,2025-11-26 09:38:46,14.4071,0.1702,0.7052,0.6802,25.7070,-1.2025,0.3745,0.4790,26.7263,-0.9708,0.5180,0.3805,basic+phys
optuna_trial_1_seed_4,6.892509757386984e-05,0.1,512,6,0.2507147245147828,0.02764087430052448,0.07004801339446912,3.835265636137266e-05,6,300,50,scaffold,74.0690,77.8261,,76.6142,,200,False,2025-11-26 09:41:50,79.4000,-21.9714,0.0267,0.0131,82.0719,-23.9957,0.0786,0.1282,79.8582,-18.5675,0.0199,-0.0225,basic
optuna_trial_4_seed_0,0.0021822746340983174,0.30000000000000004,512,3,0.4042642974025173,0.0015465383788277492,0.2606568767126305,2.0341305208691192e-06,4,300,50,scaffold,5.3332,8.5077,,9.9516,,168,True,2025-11-26 09:47:22,8.5940,0.6994,0.8416,0.8660,13.4027,0.4013,0.6368,0.7521,15.5501,0.3328,0.6186,0.6779,basic
optuna_trial_6_seed_1,3.504268624030472e-05,0.1,64,7,0.16853812269165946,0.001148292383399584,0.02394679327599019,7.203903760655032e-06,6,300,50,scaffold,10.0638,19.1527,,21.3267,,200,False,2025-11-26 09:47:55,16.7496,-0.0469,0.6510,0.5951,25.2549,-1.6181,0.3225,0.2280,28.2252,-1.3841,0.4963,0.4051,basic+phys
optuna_trial_4_seed_1,0.0021822746340983174,0.30000000000000004,512,3,0.4042642974025173,0.0015465383788277492,0.2606568767126305,2.0341305208691192e-06,4,300,50,scaffold,5.3719,9.6618,,10.1415,,118,True,2025-11-26 09:50:17,8.6767,0.7143,0.8516,0.8540,14.1514,0.1780,0.4491,0.4968,14.7233,0.3513,0.6175,0.6424,basic
optuna_trial_4_seed_2,0.0021822746340983174,0.30000000000000004,512,3,0.4042642974025173,0.0015465383788277492,0.2606568767126305,2.0341305208691192e-06,4,300,50,scaffold,5.8771,8.2267,,8.1689,,112,True,2025-11-26 09:53:01,9.4418,0.6993,0.8449,0.8471,12.2828,0.4121,0.6499,0.6972,12.0173,0.3860,0.6298,0.5935,basic
optuna_trial_4_seed_3,0.0021822746340983174,0.30000000000000004,512,3,0.4042642974025173,0.0015465383788277492,0.2606568767126305,2.0341305208691192e-06,4,300,50,scaffold,5.4722,8.6355,,9.3834,,126,True,2025-11-26 09:56:07,8.3319,0.7752,0.8905,0.8708,13.1032,0.2099,0.5086,0.5494,13.7696,0.0732,0.4976,0.6123,basic
optuna_trial_6_seed_2,3.504268624030472e-05,0.1,64,7,0.16853812269165946,0.001148292383399584,0.02394679327599019,7.203903760655032e-06,6,300,50,scaffold,9.8880,18.4857,,20.9102,,200,False,2025-11-26 09:57:06,13.7334,0.3477,0.7428,0.6408,25.2684,-1.4879,0.3169,0.2761,26.6602,-2.0218,0.4236,0.3862,basic+phys
optuna_trial_4_seed_4,0.0021822746340983174,0.30000000000000004,512,3,0.4042642974025173,0.0015465383788277492,0.2606568767126305,2.0341305208691192e-06,4,300,50,scaffold,5.6120,9.1145,,9.1720,,116,True,2025-11-26 09:58:56,8.5773,0.7279,0.8614,0.8660,14.2503,0.2464,0.5514,0.6809,14.9194,0.3170,0.5753,0.5946,basic
optuna_trial_5_seed_0,0.007676517027437829,0.5,512,4,0.044421094329772016,0.001171047490101619,0.05934336834069503,1.22428772281992e-05,6,300,50,scaffold,5.4926,8.5472,,10.2013,,126,True,2025-11-26 10:02:08,9.1313,0.6634,0.8262,0.8132,15.0576,0.2443,0.5275,0.6873,16.6421,0.2358,0.5393,0.5846,basic
optuna_trial_6_seed_3,3.504268624030472e-05,0.1,64,7,0.16853812269165946,0.001148292383399584,0.02394679327599019,7.203903760655032e-06,6,300,50,scaffold,9.4462,19.4900,,26.1284,,200,False,2025-11-26 10:05:34,12.6796,0.4813,0.7805,0.6306,26.2649,-2.1744,0.2922,0.3084,36.5719,-5.5377,0.2224,0.3205,basic+phys
optuna_trial_5_seed_1,0.007676517027437829,0.5,512,4,0.044421094329772016,0.001171047490101619,0.05934336834069503,1.22428772281992e-05,6,300,50,scaffold,7.4883,8.6057,,9.8578,,200,False,2025-11-26 10:07:38,10.0388,0.6222,0.8851,0.8751,15.4243,0.0234,0.4863,0.5546,15.4459,0.2861,0.6247,0.6518,basic
optuna_trial_5_seed_2,0.007676517027437829,0.5,512,4,0.044421094329772016,0.001171047490101619,0.05934336834069503,1.22428772281992e-05,6,300,50,scaffold,6.9108,6.9938,,8.0164,,128,True,2025-11-26 10:10:55,9.9391,0.6660,0.8674,0.8442,13.9520,0.2415,0.6113,0.7036,12.5186,0.3337,0.6051,0.5889,basic
optuna_trial_5_seed_3,0.007676517027437829,0.5,512,4,0.044421094329772016,0.001171047490101619,0.05934336834069503,1.22428772281992e-05,6,300,50,scaffold,6.4600,9.3580,,8.8095,,101,True,2025-11-26 10:13:28,9.9967,0.6870,0.8601,0.8263,16.5104,-0.2544,0.3588,0.5229,13.6644,0.0873,0.4352,0.5398,basic
optuna_trial_6_seed_4,3.504268624030472e-05,0.1,64,7,0.16853812269165946,0.001148292383399584,0.02394679327599019,7.203903760655032e-06,6,300,50,scaffold,10.2380,19.0311,,17.3456,,200,False,2025-11-26 10:14:38,14.2804,0.2433,0.7186,0.6107,24.4950,-1.2265,0.2491,0.2883,22.6918,-0.5799,0.4651,0.3206,basic+phys
optuna_trial_5_seed_4,0.007676517027437829,0.5,512,4,0.044421094329772016,0.001171047490101619,0.05934336834069503,1.22428772281992e-05,6,300,50,scaffold,6.8365,8.1418,,8.8421,,107,True,2025-11-26 10:16:10,11.2169,0.5235,0.7728,0.7955,15.9066,0.0611,0.4076,0.6219,16.0603,0.2086,0.6099,0.6083,basic
optuna_trial_7_seed_0,3.69782605771025e-05,0.0,64,3,0.015617237776672304,0.0027621103386264766,0.556930104635069,1.6369467941612635e-06,3,300,50,scaffold,8.8521,10.1715,,11.2450,,200,False,2025-11-26 10:22:43,13.3404,0.3118,0.5792,0.6233,14.7962,0.2704,0.5569,0.6477,15.7266,0.3176,0.5769,0.5857,basic+phys
optuna_trial_9_seed_0,0.005223323570693305,0.1,64,6,0.04063705362903146,0.009658013772287897,0.6240139888347909,1.0280257648278093e-06,4,300,50,scaffold,4.0811,9.2874,,9.8982,,55,True,2025-11-26 10:23:05,6.3160,0.8418,0.9185,0.8690,14.6089,0.2887,0.5569,0.6397,16.0744,0.2871,0.6068,0.6654,basic
optuna_trial_9_seed_1,0.005223323570693305,0.1,64,6,0.04063705362903146,0.009658013772287897,0.6240139888347909,1.0280257648278093e-06,4,300,50,scaffold,3.1197,9.3697,,9.9598,,75,True,2025-11-26 10:25:48,5.1612,0.9025,0.9502,0.8856,14.8286,0.0974,0.4015,0.4799,14.7629,0.3478,0.6295,0.5972,basic
optuna_trial_9_seed_2,0.005223323570693305,0.1,64,6,0.04063705362903146,0.009658013772287897,0.6240139888347909,1.0280257648278093e-06,4,300,50,scaffold,3.7413,7.9584,,8.3431,,59,True,2025-11-26 10:27:55,5.7552,0.8886,0.9445,0.8685,12.2588,0.4144,0.6497,0.6455,12.1526,0.3721,0.6114,0.6229,basic
optuna_trial_9_seed_3,0.005223323570693305,0.1,64,6,0.04063705362903146,0.009658013772287897,0.6240139888347909,1.0280257648278093e-06,4,300,50,scaffold,3.9070,8.7370,,8.3316,,60,True,2025-11-26 10:30:09,5.7647,0.8937,0.9526,0.8891,14.6479,0.0127,0.4151,0.5207,12.7903,0.2004,0.5087,0.5660,basic
optuna_trial_7_seed_1,3.69782605771025e-05,0.0,64,3,0.015617237776672304,0.0027621103386264766,0.556930104635069,1.6369467941612635e-06,3,300,50,scaffold,10.2438,11.5438,,12.7481,,200,False,2025-11-26 10:30:44,14.7540,0.1895,0.4998,0.5240,15.0639,0.0685,0.4250,0.4005,17.6484,0.0679,0.4035,0.4175,basic+phys
optuna_trial_9_seed_4,0.005223323570693305,0.1,64,6,0.04063705362903146,0.009658013772287897,0.6240139888347909,1.0280257648278093e-06,4,300,50,scaffold,3.9999,8.8516,,9.2065,,60,True,2025-11-26 10:32:21,6.0603,0.8652,0.9449,0.9164,15.4068,0.1192,0.5067,0.6475,15.3842,0.2738,0.5738,0.5875,basic
optuna_trial_10_seed_0,0.009299836636834109,0.4,128,8,0.19127016716495548,0.006211297274227458,0.013171295825369042,1.459466679538885e-05,6,300,50,scaffold,5.2306,8.7604,,9.8496,,65,True,2025-11-26 10:34:20,8.3886,0.7183,0.8708,0.8537,15.6424,0.1845,0.4825,0.6883,16.3405,0.2633,0.6065,0.6146,basic
optuna_trial_10_seed_1,0.009299836636834109,0.4,128,8,0.19127016716495548,0.006211297274227458,0.013171295825369042,1.459466679538885e-05,6,300,50,scaffold,4.5215,8.4378,,10.0689,,68,True,2025-11-26 10:36:34,7.9141,0.7643,0.8870,0.8584,14.3298,0.1571,0.4713,0.5179,17.0249,0.1326,0.5520,0.5984,basic
optuna_trial_7_seed_2,3.69782605771025e-05,0.0,64,3,0.015617237776672304,0.0027621103386264766,0.556930104635069,1.6369467941612635e-06,3,300,50,scaffold,9.7518,11.2063,,10.7753,,200,False,2025-11-26 10:38:53,14.5233,0.2978,0.5747,0.6262,16.1757,-0.0196,0.3566,0.5076,14.1861,0.1444,0.4754,0.4509,basic+phys
optuna_trial_10_seed_2,0.009299836636834109,0.4,128,8,0.19127016716495548,0.006211297274227458,0.013171295825369042,1.459466679538885e-05,6,300,50,scaffold,5.9530,7.1344,,7.8942,,77,True,2025-11-26 10:38:54,8.3167,0.7646,0.8899,0.8573,13.6739,0.2714,0.5592,0.6299,12.1356,0.3739,0.6188,0.5920,basic
optuna_trial_10_seed_3,0.009299836636834109,0.4,128,8,0.19127016716495548,0.006211297274227458,0.013171295825369042,1.459466679538885e-05,6,300,50,scaffold,4.7800,8.6778,,9.2365,,65,True,2025-11-26 10:40:51,7.5175,0.8197,0.9190,0.8717,15.5559,-0.1135,0.3674,0.5606,13.6547,0.0886,0.4487,0.4976,basic
optuna_trial_10_seed_4,0.009299836636834109,0.4,128,8,0.19127016716495548,0.006211297274227458,0.013171295825369042,1.459466679538885e-05,6,300,50,scaffold,5.6289,8.3156,,8.9768,,63,True,2025-11-26 10:42:44,8.8050,0.6976,0.8744,0.8639,16.3777,0.0046,0.4856,0.6253,16.1567,0.1991,0.5771,0.5825,basic
optuna_trial_7_seed_3,3.69782605771025e-05,0.0,64,3,0.015617237776672304,0.0027621103386264766,0.556930104635069,1.6369467941612635e-06,3,300,50,scaffold,9.3239,9.1526,,11.1191,,200,False,2025-11-26 10:46:47,13.6582,0.3889,0.6387,0.6411,13.4236,0.1708,0.5059,0.5390,14.7842,-0.0684,0.4058,0.4973,basic+phys
optuna_trial_13_seed_0,0.007336819465018595,0.4,256,10,0.044767885117362974,0.0047646762987110635,0.15971531591537172,8.673621697506784e-06,5,300,50,scaffold,4.7226,8.0988,,9.8234,,98,True,2025-11-26 10:48:16,8.3444,0.7140,0.8491,0.8385,13.7711,0.3679,0.6186,0.6988,16.5938,0.2403,0.5860,0.6291,basic
optuna_trial_13_seed_1,0.007336819465018595,0.4,256,10,0.044767885117362974,0.0047646762987110635,0.15971531591537172,8.673621697506784e-06,5,300,50,scaffold,6.1413,8.6104,,11.0602,,72,True,2025-11-26 10:50:04,10.4720,0.5937,0.8226,0.8373,15.5600,0.0062,0.4137,0.4792,18.4023,-0.0134,0.4307,0.4992,basic
optuna_trial_13_seed_2,0.007336819465018595,0.4,256,10,0.044767885117362974,0.0047646762987110635,0.15971531591537172,8.673621697506784e-06,5,300,50,scaffold,4.9063,7.1049,,8.0410,,88,True,2025-11-26 10:52:24,8.8915,0.7262,0.8674,0.8348,13.0492,0.3365,0.5904,0.6584,12.3759,0.3488,0.6050,0.6116,basic
optuna_trial_13_seed_3,0.007336819465018595,0.4,256,10,0.044767885117362974,0.0047646762987110635,0.15971531591537172,8.673621697506784e-06,5,300,50,scaffold,4.9633,8.1495,,8.0784,,88,True,2025-11-26 10:54:37,8.3595,0.7777,0.8862,0.8424,14.9257,-0.0251,0.4083,0.5958,12.9783,0.1767,0.4807,0.5573,basic
optuna_trial_7_seed_4,3.69782605771025e-05,0.0,64,3,0.015617237776672304,0.0027621103386264766,0.556930104635069,1.6369467941612635e-06,3,300,50,scaffold,9.1782,10.0735,,10.0344,,200,False,2025-11-26 10:54:38,13.3884,0.3372,0.6022,0.6438,14.7099,0.1970,0.4860,0.6231,15.1205,0.2985,0.5543,0.4999,basic+phys
optuna_trial_13_seed_4,0.007336819465018595,0.4,256,10,0.044767885117362974,0.0047646762987110635,0.15971531591537172,8.673621697506784e-06,5,300,50,scaffold,5.5879,9.5811,,9.9061,,86,True,2025-11-26 10:56:43,9.3697,0.6500,0.8400,0.8640,16.8109,0.0784,0.4679,0.5194,16.7638,0.2246,0.5636,0.6045,basic
optuna_trial_10_seed_0,0.009307001695359356,0.1,512,10,0.011113067992520338,0.026719425242825653,0.042456481504058514,1.4961744764589218e-05,4,300,50,scaffold,3.6468,8.7573,,10.0169,,76,True,2025-11-26 10:58:36,6.4078,0.8369,0.9197,0.8966,14.5160,0.2977,0.5847,0.6761,15.0276,0.3769,0.6527,0.6963,basic+phys
optuna_trial_16_seed_0,0.003484436516408643,0.4,128,8,0.12502976224228127,0.011954109894111142,0.010972570795744907,2.4006008571063852e-05,7,300,50,scaffold,4.4145,8.6112,,9.8978,,87,True,2025-11-26 10:59:54,7.8063,0.7618,0.8753,0.8525,14.6325,0.2864,0.5483,0.6363,16.7316,0.2276,0.5753,0.6329,basic
optuna_trial_10_seed_1,0.009307001695359356,0.1,512,10,0.011113067992520338,0.026719425242825653,0.042456481504058514,1.4961744764589218e-05,4,300,50,scaffold,3.9066,7.2762,,10.1922,,80,True,2025-11-26 11:00:39,6.1667,0.8603,0.9331,0.8929,13.2107,0.0999,0.5018,0.5144,14.5457,0.4162,0.6773,0.6906,basic+phys
optuna_trial_16_seed_1,0.003484436516408643,0.4,128,8,0.12502976224228127,0.011954109894111142,0.010972570795744907,2.4006008571063852e-05,7,300,50,scaffold,5.2137,6.6615,,9.9338,,82,True,2025-11-26 11:02:26,8.6725,0.7157,0.8666,0.8445,12.6632,0.1729,0.4921,0.4479,17.5276,0.1524,0.5194,0.5617,basic
optuna_trial_10_seed_2,0.009307001695359356,0.1,512,10,0.011113067992520338,0.026719425242825653,0.042456481504058514,1.4961744764589218e-05,4,300,50,scaffold,3.3632,10.6290,,10.5942,,71,True,2025-11-26 11:02:27,5.6848,0.8610,0.9284,0.8863,17.5496,0.2043,0.5385,0.7193,15.2042,0.3622,0.6120,0.6493,basic+phys
optuna_trial_10_seed_3,0.009307001695359356,0.1,512,10,0.011113067992520338,0.026719425242825653,0.042456481504058514,1.4961744764589218e-05,4,300,50,scaffold,3.5042,7.2840,,9.7715,,73,True,2025-11-26 11:04:16,6.3042,0.8521,0.9263,0.9028,12.1997,0.3700,0.6367,0.6841,14.7347,0.4010,0.6624,0.6979,basic+phys
optuna_trial_16_seed_2,0.003484436516408643,0.4,128,8,0.12502976224228127,0.011954109894111142,0.010972570795744907,2.4006008571063852e-05,7,300,50,scaffold,4.1767,11.5196,,9.6487,,84,True,2025-11-26 11:04:56,6.6254,0.8175,0.9176,0.8560,21.1425,-0.1549,0.4050,0.6682,16.6344,0.2365,0.5789,0.6288,basic
optuna_trial_10_seed_4,0.009307001695359356,0.1,512,10,0.011113067992520338,0.026719425242825653,0.042456481504058514,1.4961744764589218e-05,4,300,50,scaffold,3.1694,9.1455,,9.8358,,77,True,2025-11-26 11:06:09,5.8079,0.8712,0.9368,0.9101,14.4009,0.3237,0.5861,0.5560,14.6926,0.4044,0.6640,0.6790,basic+phys
optuna_trial_16_seed_3,0.003484436516408643,0.4,128,8,0.12502976224228127,0.011954109894111142,0.010972570795744907,2.4006008571063852e-05,7,300,50,scaffold,4.6141,7.1195,,9.7327,,101,True,2025-11-26 11:07:54,8.4098,0.7318,0.8699,0.8589,12.7760,0.3091,0.5785,0.5331,16.7634,0.2247,0.5759,0.6058,basic
optuna_trial_16_seed_4,0.003484436516408643,0.4,128,8,0.12502976224228127,0.011954109894111142,0.010972570795744907,2.4006008571063852e-05,7,300,50,scaffold,7.1920,8.4086,,9.4974,,99,True,2025-11-26 11:10:47,10.1004,0.5988,0.8705,0.8651,15.3673,0.2299,0.5582,0.5418,16.3396,0.2634,0.5777,0.6401,basic
optuna_trial_14_seed_0,0.002560740900356717,0.0,32,8,0.024391221208238965,0.0034798135285689837,0.02108922434143473,1.031295023447604e-06,4,300,50,scaffold,4.2668,9.5903,,10.5607,,70,True,2025-11-26 11:11:06,6.1248,0.8514,0.9532,0.9005,16.2826,0.1164,0.4805,0.5931,14.8507,0.3915,0.6530,0.6545,basic+phys
optuna_trial_14_seed_1,0.002560740900356717,0.0,32,8,0.024391221208238965,0.0034798135285689837,0.02108922434143473,1.031295023447604e-06,4,300,50,scaffold,2.5021,8.7550,,8.8389,,111,True,2025-11-26 11:16:38,4.2366,0.9441,0.9720,0.9093,13.0136,0.1102,0.5062,0.5629,12.4974,0.1114,0.5026,0.5324,basic+phys
optuna_trial_14_seed_2,0.002560740900356717,0.0,32,8,0.024391221208238965,0.0034798135285689837,0.02108922434143473,1.031295023447604e-06,4,300,50,scaffold,2.6953,10.1224,,8.3788,,92,True,2025-11-26 11:21:09,4.4715,0.9346,0.9672,0.9063,15.2909,0.2438,0.5312,0.5597,12.0860,0.1689,0.5242,0.5988,basic+phys
optuna_trial_14_seed_3,0.002560740900356717,0.0,32,8,0.024391221208238965,0.0034798135285689837,0.02108922434143473,1.031295023447604e-06,4,300,50,scaffold,3.3212,8.6459,,8.1430,,58,True,2025-11-26 11:24:07,5.4054,0.9031,0.9546,0.8764,13.1853,0.3233,0.6068,0.5296,11.5869,0.2361,0.5326,0.5399,basic+phys
optuna_trial_14_seed_4,0.002560740900356717,0.0,32,8,0.024391221208238965,0.0034798135285689837,0.02108922434143473,1.031295023447604e-06,4,300,50,scaffold,2.9171,11.8433,,8.1966,,74,True,2025-11-26 11:28:13,4.5755,0.9263,0.9643,0.8960,17.4996,0.2852,0.5460,0.5288,11.5460,0.2415,0.5434,0.6519,basic+phys
optuna_trial_15_seed_0,0.009618677295910072,0.2,128,5,0.07995784803093216,0.019315706061453334,0.07428811204651255,1.9454563444895867e-05,3,300,50,scaffold,4.5984,7.2908,,7.7289,,60,True,2025-11-26 11:29:47,7.6463,0.8128,0.9019,0.8658,11.5276,0.1964,0.5619,0.6358,11.5514,0.2408,0.5363,0.5671,basic+phys
optuna_trial_15_seed_1,0.009618677295910072,0.2,128,5,0.07995784803093216,0.019315706061453334,0.07428811204651255,1.9454563444895867e-05,3,300,50,scaffold,5.2098,7.9571,,7.8201,,56,True,2025-11-26 11:31:29,8.5400,0.7705,0.8819,0.8445,13.1279,0.0945,0.5331,0.5655,11.7693,0.2119,0.5047,0.4950,basic+phys
optuna_trial_15_seed_2,0.009618677295910072,0.2,128,5,0.07995784803093216,0.019315706061453334,0.07428811204651255,1.9454563444895867e-05,3,300,50,scaffold,4.9186,9.7159,,7.7462,,63,True,2025-11-26 11:33:29,8.4551,0.7727,0.8842,0.8502,14.8629,0.2855,0.5784,0.6375,11.4271,0.2570,0.5547,0.5916,basic+phys
optuna_trial_15_seed_3,0.009618677295910072,0.2,128,5,0.07995784803093216,0.019315706061453334,0.07428811204651255,1.9454563444895867e-05,3,300,50,scaffold,5.6436,8.5530,,7.7857,,58,True,2025-11-26 11:35:17,8.9920,0.7424,0.8637,0.8235,13.1014,0.3319,0.6070,0.5961,11.2216,0.2835,0.5410,0.5305,basic+phys
optuna_trial_15_seed_4,0.009618677295910072,0.2,128,5,0.07995784803093216,0.019315706061453334,0.07428811204651255,1.9454563444895867e-05,3,300,50,scaffold,4.8213,10.3205,,7.2873,,61,True,2025-11-26 11:37:12,7.7430,0.7873,0.8888,0.8425,16.2762,0.3816,0.6373,0.6638,11.3062,0.2727,0.5610,0.6102,basic+phys
optuna_trial_19_seed_0,0.0041426757776687265,0.0,32,5,0.2950196249667298,0.01672714407678881,0.08649608822131147,6.185739339169801e-06,4,300,50,scaffold,3.3419,8.0271,,8.6639,,66,True,2025-11-26 11:44:05,5.4074,0.9088,0.9586,0.8940,11.9869,0.1311,0.5306,0.5832,11.9325,0.1899,0.5786,0.6283,basic+phys
optuna_trial_19_seed_1,0.0041426757776687265,0.0,32,5,0.2950196249667298,0.01672714407678881,0.08649608822131147,6.185739339169801e-06,4,300,50,scaffold,2.8564,8.8912,,8.8029,,186,True,2025-11-26 11:55:02,4.3577,0.9402,0.9739,0.9245,12.8711,0.1296,0.5208,0.5555,12.4578,0.1170,0.5067,0.5984,basic+phys
optuna_trial_19_seed_2,0.0041426757776687265,0.0,32,5,0.2950196249667298,0.01672714407678881,0.08649608822131147,6.185739339169801e-06,4,300,50,scaffold,2.8722,9.7483,,8.7964,,144,True,2025-11-26 12:03:33,4.5478,0.9315,0.9717,0.9074,15.3947,0.2335,0.5372,0.5474,12.7678,0.0725,0.4992,0.5904,basic+phys
optuna_trial_19_seed_3,0.0041426757776687265,0.0,32,5,0.2950196249667298,0.01672714407678881,0.08649608822131147,6.185739339169801e-06,4,300,50,scaffold,6.1527,8.3105,,8.4935,,53,True,2025-11-26 12:06:43,7.5579,0.8139,0.9378,0.8439,13.6140,0.2786,0.5960,0.5019,12.1428,0.1611,0.5249,0.5295,basic+phys
optuna_trial_19_seed_4,0.0041426757776687265,0.0,32,5,0.2950196249667298,0.01672714407678881,0.08649608822131147,6.185739339169801e-06,4,300,50,scaffold,3.3796,11.2936,,8.6429,,63,True,2025-11-26 12:10:31,5.2698,0.9026,0.9570,0.9048,17.3496,0.2974,0.5894,0.6015,12.1698,0.1573,0.5457,0.6274,basic+phys
optuna_trial_21_seed_0,0.009874353011194464,0.2,128,5,0.08821566917693532,0.015579574397584393,0.07932483689389597,2.632967621488191e-05,3,300,50,scaffold,7.0154,7.4290,,7.4392,,58,True,2025-11-26 12:12:38,9.3884,0.7215,0.8710,0.8281,12.1351,0.1095,0.5387,0.6140,11.0615,0.3038,0.5706,0.6129,basic+phys
optuna_trial_21_seed_1,0.009874353011194464,0.2,128,5,0.08821566917693532,0.015579574397584393,0.07932483689389597,2.632967621488191e-05,3,300,50,scaffold,5.1332,7.9179,,7.7727,,56,True,2025-11-26 12:14:28,8.3923,0.7784,0.8836,0.8636,13.0785,0.1013,0.5701,0.6015,11.8706,0.1983,0.5077,0.5132,basic+phys
optuna_trial_21_seed_2,0.009874353011194464,0.2,128,5,0.08821566917693532,0.015579574397584393,0.07932483689389597,2.632967621488191e-05,3,300,50,scaffold,5.7807,9.7953,,7.4069,,58,True,2025-11-26 12:16:22,9.4558,0.7020,0.8786,0.8586,15.4800,0.2249,0.5793,0.6073,11.0587,0.3042,0.5932,0.6279,basic+phys
optuna_trial_21_seed_3,0.009874353011194464,0.2,128,5,0.08821566917693532,0.015579574397584393,0.07932483689389597,2.632967621488191e-05,3,300,50,scaffold,5.3435,8.3649,,7.4872,,67,True,2025-11-26 12:18:28,8.0996,0.7854,0.8935,0.8311,13.6832,0.2712,0.5567,0.5157,11.1876,0.2879,0.5576,0.5685,basic+phys
optuna_trial_21_seed_4,0.009874353011194464,0.2,128,5,0.08821566917693532,0.015579574397584393,0.07932483689389597,2.632967621488191e-05,3,300,50,scaffold,4.6970,10.4115,,7.2710,,61,True,2025-11-26 12:20:23,7.9345,0.7766,0.8816,0.8502,16.0991,0.3950,0.6457,0.6988,11.2429,0.2808,0.5485,0.6029,basic+phys
optuna_trial_25_seed_0,0.005678607532277355,0.1,128,4,0.25235629368514895,0.012461919495670937,0.9986692081885722,3.311848695234277e-05,3,300,50,scaffold,5.3189,7.3445,,7.8944,,69,True,2025-11-26 12:24:56,8.5221,0.7685,0.8769,0.8466,12.1684,0.1046,0.5666,0.6589,11.0834,0.3011,0.5645,0.6115,basic+phys
optuna_trial_25_seed_1,0.005678607532277355,0.1,128,4,0.25235629368514895,0.012461919495670937,0.9986692081885722,3.311848695234277e-05,3,300,50,scaffold,5.1711,8.2847,,7.6602,,62,True,2025-11-26 12:26:58,8.0109,0.8006,0.8960,0.8581,13.6262,0.0245,0.5237,0.6069,11.3827,0.2628,0.5392,0.5654,basic+phys
optuna_trial_25_seed_2,0.005678607532277355,0.1,128,4,0.25235629368514895,0.012461919495670937,0.9986692081885722,3.311848695234277e-05,3,300,50,scaffold,4.5053,10.0006,,7.7870,,59,True,2025-11-26 12:28:53,7.8857,0.7948,0.8954,0.8737,14.4980,0.3201,0.5854,0.6073,11.1963,0.2868,0.5407,0.6056,basic+phys
optuna_trial_25_seed_3,0.005678607532277355,0.1,128,4,0.25235629368514895,0.012461919495670937,0.9986692081885722,3.311848695234277e-05,3,300,50,scaffold,4.7021,8.4968,,7.8424,,81,True,2025-11-26 12:31:31,7.8577,0.8036,0.9161,0.8829,13.1002,0.3320,0.6246,0.5813,11.2546,0.2793,0.5588,0.6128,basic+phys
optuna_trial_25_seed_4,0.005678607532277355,0.1,128,4,0.25235629368514895,0.012461919495670937,0.9986692081885722,3.311848695234277e-05,3,300,50,scaffold,4.9160,10.6384,,7.8264,,61,True,2025-11-26 12:33:30,8.4897,0.7474,0.8769,0.8306,17.9501,0.2479,0.5318,0.5411,11.6581,0.2267,0.5509,0.5939,basic+phys
optuna_trial_27_seed_0,0.003014276944387417,0.0,512,5,0.11155685611529165,0.021599027165353883,0.05681224540859694,9.256983070579644e-06,5,300,50,scaffold,2.3535,8.5852,,8.6881,,99,True,2025-11-26 12:38:06,4.7810,0.9313,0.9654,0.9406,12.5599,0.0461,0.5308,0.6097,12.5304,0.1067,0.4833,0.5951,basic+phys
optuna_trial_27_seed_1,0.003014276944387417,0.0,512,5,0.11155685611529165,0.021599027165353883,0.05681224540859694,9.256983070579644e-06,5,300,50,scaffold,2.6679,8.3264,,8.6173,,91,True,2025-11-26 12:40:36,5.0740,0.9206,0.9604,0.9272,12.8575,0.1314,0.5557,0.6265,12.4718,0.1150,0.4929,0.5930,basic+phys
optuna_trial_27_seed_2,0.003014276944387417,0.0,512,5,0.11155685611529165,0.021599027165353883,0.05681224540859694,9.256983070579644e-06,5,300,50,scaffold,1.9472,9.8562,,8.5763,,177,True,2025-11-26 12:45:22,3.4361,0.9587,0.9816,0.9615,14.1842,0.3493,0.5988,0.6280,12.5465,0.1044,0.4783,0.5535,basic+phys
